3,2,1,4,2,3,6,2,9,1,2,1,1,1,1,1,10,1,1,5,8,2,2,1,2,1,1,3,1,1,2,2,1,2,1,2,1,1,1,1,1,1,1,1,1,1,1
3,2,1,4,2,3,6,2,9,1,2,1,1,1,1,1,10,1,1,5,8,2,2,1,2,1,1,3,1,1,2,2,1,2,1,2,1,1,1,1,1,1,1,1,1,1,1
3,2,1,4,10,3,6,2,9,1,2,1,1,1,1,1,10,1,1,5,2,2,1,2,1,1,4,1,1,2,2,1,2,1,2,1,1,1,1,2,1,1,1,1,,,
3,2,1,4,10,3,6,2,9,1,2,1,1,1,1,1,10,1,1,5,2,2,1,2,1,3,4,1,1,2,2,1,2,1,1,1,1,1,2,1,1,1,1,,,,
3,2,1,4,10,3,6,2,9,1,2,1,1,1,1,1,10,1,1,5,2,2,1,2,1,3,4,1,1,2,2,1,2,1,1,1,1,1,2,1,1,1,1,,,,
3,2,1,5,10,3,6,2,9,1,2,1,1,1,1,1,10,6,1,2,2,1,2,1,3,4,1,1,2,2,1,2,1,1,1,1,1,2,1,1,1,,,,,,
3,2,1,5,10,3,6,2,9,1,2,1,1,1,1,1,10,5,1,1,2,2,1,2,1,3,4,1,1,2,2,1,2,1,1,1,1,1,2,1,1,1,,,,,
3,2,1,5,10,3,6,2,9,1,2,1,1,1,1,1,10,5,1,1,2,2,1,2,1,3,4,1,1,2,2,1,2,2,1,1,1,2,1,1,1,,,,,,
3,2,1,5,10,3,7,2,9,1,2,1,1,1,1,1,10,5,1,1,2,2,1,2,1,3,4,1,1,2,2,1,2,2,1,1,2,1,1,1,,,,,,,
3,2,1,5,10,3,7,2,9,1,2,1,1,1,1,1,10,5,1,1,2,2,1,2,1,3,4,1,1,2,2,1,2,2,1,1,2,1,1,1,,,,,,,
3,2,1,5,10,3,7,2,9,1,2,1,1,1,1,1,10,5,1,1,2,2,1,2,1,3,4,1,1,2,3,2,1,1,1,1,2,1,1,1,,,,,,,
3,2,1,5,10,3,7,2,9,1,2,1,1,1,1,1,10,5,1,1,2,2,1,2,1,3,4,1,1,2,3,2,1,1,1,1,2,1,1,1,,,,,,,
3,2,1,5,10,3,7,2,9,1,2,1,1,1,4,1,10,5,1,1,2,2,1,2,1,1,1,1,2,3,2,1,3,1,1,1,2,1,1,1,,,,,,,
3,2,1,5,10,3,7,2,9,1,2,1,1,1,4,1,9,6,1,1,2,2,1,2,1,1,1,1,2,3,1,2,1,3,1,1,1,2,1,1,,,,,,,
3,2,1,5,10,3,7,2,9,7,2,1,1,1,4,1,9,1,1,2,2,1,2,1,1,1,1,2,3,1,2,1,3,1,1,1,2,1,1,,,,,,,,
3,9,1,5,10,4,2,9,7,2,1,1,1,4,9,1,1,2,2,1,2,1,1,1,1,2,3,1,2,1,3,1,1,1,2,1,1,,,,,,,,,,
3,9,1,5,10,4,2,9,7,2,1,1,1,4,9,1,1,2,2,1,2,1,1,1,1,2,3,1,2,1,3,1,1,1,2,1,1,,,,,,,,,,
3,9,1,5,10,4,2,9,7,2,1,1,1,4,9,1,1,3,2,1,2,1,1,1,1,2,3,1,2,1,3,1,1,2,1,1,,,,,,,,,,,
3,9,1,5,10,4,2,9,7,2,1,1,1,4,9,1,1,3,2,1,2,1,1,1,1,2,3,1,2,1,3,1,1,2,1,1,,,,,,,,,,,
3,9,1,5,10,4,2,9,7,2,1,1,1,4,9,1,1,3,2,1,2,1,1,1,1,2,3,1,2,1,3,1,1,2,1,1,,,,,,,,,,,
3,9,1,5,10,4,2,9,7,2,1,1,1,4,9,1,1,3,2,1,2,1,1,1,1,2,3,1,2,1,3,1,1,2,1,1,,,,,,,,,,,
Boid caught by predator ,,,,,,,,,,,,,,,,,,,,,,,,,,,,,,,,,,,,,,,,,,,,,,
3,9,1,5,10,4,2,9,7,2,1,1,1,4,9,1,1,3,2,1,1,1,1,1,1,2,3,1,2,1,3,1,1,2,1,1,,,,,,,,,,,
3,9,1,5,10,3,2,9,7,2,1,1,1,4,1,9,1,1,3,2,1,1,1,1,1,1,2,3,1,2,1,3,1,1,2,1,1,,,,,,,,,,
3,9,1,5,10,3,2,9,8,2,1,1,4,1,9,1,1,3,2,1,1,1,1,1,1,2,3,1,2,1,3,1,1,2,1,1,,,,,,,,,,,
3,9,1,5,10,3,3,9,8,2,2,1,4,1,9,1,1,3,2,1,1,1,1,1,1,2,3,1,2,3,1,1,2,1,,,,,,,,,,,,,
3,9,1,5,10,3,3,9,8,2,2,1,4,1,9,1,1,3,2,1,1,1,1,1,1,2,3,1,2,3,1,1,2,1,,,,,,,,,,,,,
3,11,1,5,10,3,3,9,8,2,2,1,4,1,9,1,1,3,2,1,1,1,1,1,1,3,1,2,3,1,1,2,1,,,,,,,,,,,,,,
3,11,1,5,10,3,3,9,8,2,2,1,4,1,7,1,1,3,2,1,1,1,1,1,1,2,5,1,2,3,1,1,1,,,,,,,,,,,,,,
3,11,1,5,10,3,3,9,8,2,2,1,4,1,7,1,1,3,2,1,1,1,1,1,1,2,5,1,2,3,1,1,1,,,,,,,,,,,,,,
3,11,1,5,10,3,3,9,8,2,2,1,4,1,7,1,1,3,2,1,1,1,1,1,1,2,5,1,2,3,1,1,1,,,,,,,,,,,,,,
3,6,1,5,10,3,5,3,9,8,2,2,1,4,1,7,1,1,3,2,1,1,1,1,1,1,2,5,1,2,3,1,1,1,,,,,,,,,,,,,
3,6,1,5,10,3,5,3,9,8,2,2,1,4,1,7,1,1,3,2,1,1,1,1,1,1,2,5,1,2,3,1,1,1,,,,,,,,,,,,,
3,6,1,5,10,3,5,3,9,8,2,2,1,4,1,7,1,1,3,2,1,1,1,1,1,1,2,5,1,2,3,1,1,1,,,,,,,,,,,,,
3,6,1,5,10,3,5,3,9,8,2,2,1,4,1,7,1,1,3,2,1,1,1,1,1,1,2,5,1,2,3,1,1,1,,,,,,,,,,,,,
3,6,1,4,10,3,5,3,9,8,2,2,1,4,1,7,1,1,3,2,1,1,1,1,1,1,2,5,1,2,3,1,1,1,1,,,,,,,,,,,,
3,6,1,4,10,3,5,3,9,8,2,2,1,4,1,7,1,1,3,2,1,1,1,1,1,1,2,4,1,2,3,1,1,1,1,1,,,,,,,,,,,
3,6,1,4,10,3,5,3,9,8,2,2,1,4,1,7,1,1,3,2,1,1,1,1,1,1,2,4,1,2,3,1,1,1,1,1,,,,,,,,,,,
3,6,1,4,10,3,5,3,9,8,2,2,1,4,1,7,1,1,3,2,1,1,1,1,1,1,2,4,1,2,3,1,1,1,1,1,,,,,,,,,,,
3,6,1,4,10,3,5,3,9,8,2,2,1,4,1,7,1,1,3,5,1,1,1,1,1,1,2,4,1,2,1,1,1,1,1,,,,,,,,,,,,
3,6,1,4,10,3,5,3,9,8,2,2,1,4,1,7,1,1,3,5,1,1,1,1,1,1,2,4,1,2,1,1,1,1,1,,,,,,,,,,,,
3,6,1,3,10,3,5,3,9,8,2,2,1,4,1,7,1,1,3,5,1,1,1,1,1,1,2,4,1,2,1,1,1,1,1,1,,,,,,,,,,,
3,6,1,3,10,3,5,3,8,8,2,2,2,4,1,7,1,1,3,5,1,1,1,1,1,1,2,4,1,2,1,1,1,1,1,1,,,,,,,,,,,
3,6,1,3,10,3,5,3,8,8,2,2,2,4,1,7,1,1,3,5,1,1,1,1,1,1,2,4,1,2,1,1,1,1,1,1,,,,,,,,,,,
3,6,1,3,10,3,5,3,8,8,2,2,2,4,1,7,1,1,4,5,1,1,1,1,1,1,2,4,1,2,1,1,1,1,1,,,,,,,,,,,,
3,6,1,3,10,3,5,3,8,8,2,2,2,4,1,7,1,1,4,5,1,1,1,1,1,1,2,4,1,2,1,1,1,1,1,,,,,,,,,,,,
3,6,1,4,10,3,5,3,8,8,2,2,2,4,1,7,1,1,4,5,1,1,1,1,1,1,3,4,1,2,1,1,1,,,,,,,,,,,,,,
3,6,1,4,10,3,5,3,8,8,2,2,2,4,1,7,1,1,4,5,1,1,1,1,1,1,3,4,1,2,1,1,1,,,,,,,,,,,,,,
3,6,1,4,10,3,5,3,8,8,2,2,2,4,1,7,1,1,4,5,1,1,1,1,1,1,3,4,1,2,1,1,1,,,,,,,,,,,,,,
3,6,1,4,10,3,5,3,8,8,2,2,2,4,1,7,1,1,4,5,1,1,1,1,1,1,3,4,1,2,1,1,1,,,,,,,,,,,,,,
3,6,1,4,10,3,5,3,8,8,2,2,2,4,1,7,1,1,4,5,1,1,1,1,1,1,3,4,1,2,1,1,1,,,,,,,,,,,,,,
3,6,1,4,10,3,5,3,8,8,2,2,2,4,1,7,1,1,4,5,1,1,1,1,1,1,3,4,1,2,1,1,1,,,,,,,,,,,,,,
3,6,1,4,10,3,5,3,8,8,2,2,2,4,1,7,1,1,4,5,1,1,1,1,1,1,3,4,1,2,1,1,1,,,,,,,,,,,,,,
3,6,1,4,10,3,5,3,8,8,2,2,2,4,1,7,1,1,4,5,1,1,1,1,1,1,3,4,1,2,1,1,1,,,,,,,,,,,,,,
3,6,1,4,10,3,7,3,8,8,2,2,4,1,7,1,1,4,5,1,1,1,1,1,1,3,4,1,2,1,1,1,,,,,,,,,,,,,,,
3,6,2,4,10,3,7,3,8,8,2,2,6,1,7,1,4,5,1,1,1,1,1,1,3,4,1,1,1,1,,,,,,,,,,,,,,,,,
3,6,2,4,10,3,7,3,8,8,2,2,6,1,7,1,4,5,1,1,1,1,1,1,3,4,1,1,1,1,,,,,,,,,,,,,,,,,
3,6,3,4,10,4,7,3,8,8,2,2,6,7,1,4,5,1,1,1,1,1,3,4,1,1,1,1,,,,,,,,,,,,,,,,,,,
3,6,3,4,10,4,7,3,8,8,2,2,6,7,1,4,5,1,1,1,1,1,3,4,1,1,1,1,,,,,,,,,,,,,,,,,,,
3,6,3,4,10,4,7,3,8,8,2,2,6,7,1,4,5,1,1,1,1,1,3,4,1,1,1,1,,,,,,,,,,,,,,,,,,,
3,4,2,4,10,4,7,2,3,8,9,2,2,6,7,1,4,5,1,1,1,1,1,3,4,1,1,1,1,,,,,,,,,,,,,,,,,,
3,4,2,4,10,4,7,2,3,8,9,2,2,6,7,1,4,5,1,1,1,1,1,3,4,1,1,1,1,,,,,,,,,,,,,,,,,,
4,4,2,4,10,4,7,2,3,8,9,2,2,6,7,1,4,6,1,1,1,1,3,4,1,1,1,,,,,,,,,,,,,,,,,,,,
4,4,2,4,10,4,7,2,3,8,9,2,2,6,7,1,4,6,1,1,1,1,3,4,1,1,1,,,,,,,,,,,,,,,,,,,,
4,4,2,4,10,4,7,2,3,8,9,2,2,6,7,1,4,6,1,1,1,1,3,4,1,1,1,,,,,,,,,,,,,,,,,,,,
4,4,2,4,10,4,7,2,3,8,16,2,2,6,1,4,6,1,1,1,1,3,4,1,1,1,,,,,,,,,,,,,,,,,,,,,
4,4,2,4,10,4,7,2,3,10,16,2,6,1,4,3,1,1,1,1,3,4,1,3,1,1,,,,,,,,,,,,,,,,,,,,,
4,4,2,4,10,3,7,2,3,10,16,2,6,1,1,4,3,1,1,1,1,3,4,1,3,1,1,,,,,,,,,,,,,,,,,,,,
4,4,2,4,10,3,7,2,3,10,16,2,6,1,1,4,3,1,1,1,1,3,4,1,3,1,1,,,,,,,,,,,,,,,,,,,,
4,4,2,4,10,3,7,2,3,10,16,2,6,1,1,4,3,1,1,1,1,3,4,1,3,1,1,,,,,,,,,,,,,,,,,,,,
4,4,2,4,10,3,7,2,3,10,20,2,6,1,1,4,3,1,1,1,1,3,1,3,1,1,,,,,,,,,,,,,,,,,,,,,
4,4,2,4,10,3,7,2,3,10,20,2,6,1,1,4,3,1,1,1,1,3,1,3,1,1,,,,,,,,,,,,,,,,,,,,,
4,4,2,4,11,3,7,2,3,10,20,2,6,1,1,4,3,1,1,1,1,3,1,3,1,,,,,,,,,,,,,,,,,,,,,,
4,4,2,4,11,3,7,2,3,10,20,2,6,1,1,4,3,1,1,1,1,3,1,3,1,,,,,,,,,,,,,,,,,,,,,,
4,4,2,4,11,3,7,2,3,10,20,2,6,1,1,4,3,1,1,1,1,3,1,3,1,,,,,,,,,,,,,,,,,,,,,,
4,4,2,4,11,3,7,2,3,10,20,2,6,1,1,4,3,1,1,1,1,3,1,3,1,,,,,,,,,,,,,,,,,,,,,,
4,4,2,4,11,3,7,2,3,10,20,2,6,1,1,4,3,1,1,1,1,3,1,3,1,,,,,,,,,,,,,,,,,,,,,,
4,4,2,4,11,3,7,2,3,10,20,2,6,1,1,4,3,1,1,1,1,3,1,3,1,,,,,,,,,,,,,,,,,,,,,,
4,4,2,4,11,3,7,2,3,10,20,2,6,1,1,4,3,1,1,1,1,3,1,3,1,,,,,,,,,,,,,,,,,,,,,,
4,4,2,4,11,3,7,2,3,10,20,2,6,1,1,4,3,1,1,1,1,3,1,3,1,,,,,,,,,,,,,,,,,,,,,,
4,4,2,4,11,3,7,2,3,10,20,2,6,1,1,4,3,1,1,1,1,3,1,3,1,,,,,,,,,,,,,,,,,,,,,,
4,4,2,4,11,3,7,2,3,10,20,2,6,1,1,4,3,1,1,1,1,3,1,3,1,,,,,,,,,,,,,,,,,,,,,,
4,4,2,4,11,3,7,2,3,10,20,2,6,1,1,4,3,1,1,1,1,3,1,3,1,,,,,,,,,,,,,,,,,,,,,,
4,4,2,4,11,3,7,2,3,10,20,2,6,1,1,4,3,1,1,1,1,3,1,3,1,,,,,,,,,,,,,,,,,,,,,,
4,4,2,4,11,3,7,2,3,10,20,2,6,1,1,4,3,1,1,1,1,3,1,3,1,,,,,,,,,,,,,,,,,,,,,,
4,4,2,4,11,3,7,2,3,10,20,2,6,1,1,4,3,1,1,1,1,3,1,3,1,,,,,,,,,,,,,,,,,,,,,,
4,4,2,4,11,3,7,2,5,10,20,4,1,1,4,3,1,1,1,1,3,1,2,3,1,,,,,,,,,,,,,,,,,,,,,,
4,4,2,4,11,3,7,2,5,10,20,4,1,1,4,3,1,1,1,1,3,1,2,3,1,,,,,,,,,,,,,,,,,,,,,,
4,4,2,4,11,3,7,2,5,10,20,4,1,1,4,3,1,1,1,1,3,1,2,3,1,,,,,,,,,,,,,,,,,,,,,,
4,4,2,4,10,3,7,2,5,10,20,4,1,1,4,3,1,1,1,1,1,3,1,2,3,1,,,,,,,,,,,,,,,,,,,,,
4,4,2,4,10,6,7,2,5,10,20,4,1,1,4,3,1,1,1,1,1,1,2,3,1,,,,,,,,,,,,,,,,,,,,,,
4,4,2,4,10,6,7,2,5,10,20,4,1,1,4,3,1,1,1,1,1,1,2,3,1,,,,,,,,,,,,,,,,,,,,,,
4,4,2,3,10,6,7,2,5,10,20,4,1,1,4,3,1,1,1,1,1,1,2,3,1,1,,,,,,,,,,,,,,,,,,,,,
4,4,2,3,10,6,7,2,5,10,20,4,1,1,4,3,1,1,1,1,1,1,2,3,1,1,,,,,,,,,,,,,,,,,,,,,
4,4,2,3,10,6,7,2,5,10,20,4,1,1,4,3,1,1,1,1,1,1,2,3,1,1,,,,,,,,,,,,,,,,,,,,,
4,4,2,3,10,6,7,2,5,10,20,4,1,1,4,3,1,1,1,1,1,1,2,3,1,1,,,,,,,,,,,,,,,,,,,,,
4,4,2,3,10,6,7,2,5,10,20,4,1,1,4,3,1,1,1,2,1,2,3,1,1,,,,,,,,,,,,,,,,,,,,,,
4,4,2,3,10,6,7,2,6,10,20,4,1,1,4,3,1,1,1,2,2,3,1,1,,,,,,,,,,,,,,,,,,,,,,,
4,4,2,3,10,6,7,2,6,10,20,4,1,1,4,3,1,1,1,2,2,3,1,1,,,,,,,,,,,,,,,,,,,,,,,
4,4,2,6,10,6,7,2,6,10,20,4,1,1,4,1,1,1,2,2,3,1,1,,,,,,,,,,,,,,,,,,,,,,,,
4,4,2,6,10,6,7,2,6,10,20,4,1,1,4,1,1,1,2,2,3,1,1,,,,,,,,,,,,,,,,,,,,,,,,
4,4,2,6,10,6,7,2,6,10,20,4,1,1,4,1,1,1,2,2,3,1,1,,,,,,,,,,,,,,,,,,,,,,,,
4,4,2,6,10,6,7,2,6,8,20,2,4,1,1,4,1,1,1,2,2,3,1,1,,,,,,,,,,,,,,,,,,,,,,,
4,4,2,6,10,6,7,2,6,8,20,2,4,1,1,4,1,1,1,2,2,3,1,1,,,,,,,,,,,,,,,,,,,,,,,
4,4,2,6,10,6,7,2,8,8,20,2,4,1,1,4,1,1,1,2,3,1,1,,,,,,,,,,,,,,,,,,,,,,,,
4,4,2,6,10,6,7,2,8,8,20,2,4,1,1,4,1,1,1,2,3,1,1,,,,,,,,,,,,,,,,,,,,,,,,
4,4,22,6,10,6,7,2,8,8,2,4,1,1,4,1,1,1,2,3,1,1,,,,,,,,,,,,,,,,,,,,,,,,,
4,4,22,6,10,6,7,2,8,8,2,4,1,1,4,1,1,1,2,3,1,1,,,,,,,,,,,,,,,,,,,,,,,,,
4,4,22,6,10,6,7,2,8,8,2,4,1,1,4,1,1,1,2,3,1,1,,,,,,,,,,,,,,,,,,,,,,,,,
4,4,25,6,10,6,7,2,8,8,2,4,1,1,4,1,1,1,2,1,1,,,,,,,,,,,,,,,,,,,,,,,,,,
4,4,25,6,10,6,7,2,8,8,2,4,1,1,4,1,1,1,2,1,1,,,,,,,,,,,,,,,,,,,,,,,,,,
4,4,25,7,10,6,7,2,8,8,2,4,1,1,4,1,1,1,2,1,,,,,,,,,,,,,,,,,,,,,,,,,,,
4,4,31,7,10,7,2,8,8,2,4,1,1,4,1,1,1,2,1,,,,,,,,,,,,,,,,,,,,,,,,,,,,
4,4,31,7,10,7,2,8,8,2,4,1,1,4,1,1,1,2,1,,,,,,,,,,,,,,,,,,,,,,,,,,,,
4,4,31,7,10,7,2,8,8,2,4,1,1,4,1,1,1,2,1,,,,,,,,,,,,,,,,,,,,,,,,,,,,
4,4,30,7,10,7,2,8,8,2,4,1,1,4,1,1,1,1,2,1,,,,,,,,,,,,,,,,,,,,,,,,,,,
4,4,30,7,10,7,2,8,8,2,4,1,1,4,1,1,1,1,2,1,,,,,,,,,,,,,,,,,,,,,,,,,,,
4,4,30,7,10,7,2,8,8,2,4,1,2,4,1,1,1,1,2,,,,,,,,,,,,,,,,,,,,,,,,,,,,
4,4,30,7,10,7,2,8,8,2,4,1,2,4,1,1,1,1,2,,,,,,,,,,,,,,,,,,,,,,,,,,,,
4,4,30,7,10,7,2,8,8,2,4,1,2,4,1,1,1,1,2,,,,,,,,,,,,,,,,,,,,,,,,,,,,
4,4,30,7,10,7,2,9,8,2,4,1,2,4,1,1,1,2,,,,,,,,,,,,,,,,,,,,,,,,,,,,,
4,4,30,7,10,7,2,9,8,2,4,1,2,4,1,1,1,2,,,,,,,,,,,,,,,,,,,,,,,,,,,,,
4,4,30,7,10,7,2,9,8,2,4,1,2,4,1,1,1,2,,,,,,,,,,,,,,,,,,,,,,,,,,,,,
4,4,30,7,10,7,2,6,8,2,3,4,1,2,6,1,1,1,,,,,,,,,,,,,,,,,,,,,,,,,,,,,
4,4,30,3,10,7,2,6,8,2,3,4,1,2,6,4,1,1,1,,,,,,,,,,,,,,,,,,,,,,,,,,,,
4,4,30,3,8,7,2,6,8,2,3,4,1,2,6,2,4,1,1,1,,,,,,,,,,,,,,,,,,,,,,,,,,,
4,4,30,3,8,7,2,6,8,2,3,4,1,2,6,2,4,1,1,1,,,,,,,,,,,,,,,,,,,,,,,,,,,
4,4,30,3,8,7,2,6,8,2,3,4,1,2,6,2,4,1,1,1,,,,,,,,,,,,,,,,,,,,,,,,,,,
4,4,30,3,8,7,2,6,8,2,3,4,1,2,6,2,4,1,1,1,,,,,,,,,,,,,,,,,,,,,,,,,,,
4,4,30,3,8,7,2,6,8,2,3,4,1,2,6,1,4,1,1,1,1,,,,,,,,,,,,,,,,,,,,,,,,,,
4,4,30,3,8,7,2,6,8,2,3,4,1,2,6,1,4,1,1,1,1,,,,,,,,,,,,,,,,,,,,,,,,,,
4,4,30,3,8,7,2,6,8,2,3,4,1,2,6,1,4,1,1,1,1,,,,,,,,,,,,,,,,,,,,,,,,,,
4,4,30,3,8,9,6,8,2,3,4,1,2,6,1,4,1,1,1,1,,,,,,,,,,,,,,,,,,,,,,,,,,,
4,4,33,8,9,6,8,2,3,4,1,2,6,1,4,1,1,1,1,,,,,,,,,,,,,,,,,,,,,,,,,,,,
4,4,33,8,9,6,8,2,3,4,1,2,6,1,4,1,1,1,1,,,,,,,,,,,,,,,,,,,,,,,,,,,,
4,4,33,8,9,6,8,2,3,4,1,2,6,1,4,1,1,1,1,,,,,,,,,,,,,,,,,,,,,,,,,,,,
4,4,33,8,9,6,8,2,3,4,1,2,6,1,4,1,1,1,1,,,,,,,,,,,,,,,,,,,,,,,,,,,,
4,4,33,8,9,6,8,2,3,4,1,2,6,1,4,1,1,1,1,,,,,,,,,,,,,,,,,,,,,,,,,,,,
4,4,33,8,9,6,8,2,3,4,1,2,6,1,4,1,1,1,1,,,,,,,,,,,,,,,,,,,,,,,,,,,,
4,4,33,8,9,6,8,2,3,4,1,2,6,1,4,1,1,1,1,,,,,,,,,,,,,,,,,,,,,,,,,,,,
4,4,33,8,9,6,8,2,3,4,1,2,6,1,4,1,1,1,1,,,,,,,,,,,,,,,,,,,,,,,,,,,,
4,4,33,8,9,6,8,2,3,4,1,2,6,1,4,1,1,1,1,,,,,,,,,,,,,,,,,,,,,,,,,,,,
4,4,33,8,9,6,8,2,3,4,1,2,6,1,4,1,1,1,1,,,,,,,,,,,,,,,,,,,,,,,,,,,,
4,4,33,7,9,6,8,2,3,4,1,2,6,1,4,1,1,1,1,1,,,,,,,,,,,,,,,,,,,,,,,,,,,
4,4,33,7,9,6,8,2,3,4,1,2,6,1,4,1,1,1,1,1,,,,,,,,,,,,,,,,,,,,,,,,,,,
5,4,33,7,9,6,8,2,3,4,1,2,6,1,3,1,1,1,1,1,,,,,,,,,,,,,,,,,,,,,,,,,,,
5,4,33,7,9,6,11,2,3,4,1,2,6,1,1,1,1,1,1,,,,,,,,,,,,,,,,,,,,,,,,,,,,
5,4,33,7,9,6,11,2,3,5,1,2,6,1,1,1,1,1,,,,,,,,,,,,,,,,,,,,,,,,,,,,,
5,4,33,7,9,6,11,2,3,5,1,2,6,1,1,1,1,1,,,,,,,,,,,,,,,,,,,,,,,,,,,,,
5,4,33,7,9,6,11,2,3,5,1,2,6,1,1,1,1,1,,,,,,,,,,,,,,,,,,,,,,,,,,,,,
5,4,33,7,9,6,11,2,3,5,1,2,6,1,1,1,1,1,,,,,,,,,,,,,,,,,,,,,,,,,,,,,
5,4,30,7,9,6,11,2,3,5,1,2,6,1,1,1,3,1,1,,,,,,,,,,,,,,,,,,,,,,,,,,,,
5,4,30,7,9,6,11,2,3,5,1,2,6,1,1,1,3,1,1,,,,,,,,,,,,,,,,,,,,,,,,,,,,
5,4,30,7,9,6,11,2,3,5,1,2,6,1,1,1,3,1,1,,,,,,,,,,,,,,,,,,,,,,,,,,,,
5,4,30,7,9,6,11,2,3,5,1,2,6,1,1,1,3,1,1,,,,,,,,,,,,,,,,,,,,,,,,,,,,
5,4,30,7,9,6,11,2,3,5,1,2,6,1,1,1,3,1,1,,,,,,,,,,,,,,,,,,,,,,,,,,,,
5,4,30,7,9,6,11,2,3,5,1,2,6,1,1,1,3,1,1,,,,,,,,,,,,,,,,,,,,,,,,,,,,
5,4,30,7,9,6,11,2,3,5,1,2,6,1,1,1,3,1,1,,,,,,,,,,,,,,,,,,,,,,,,,,,,
5,4,30,7,9,6,11,2,3,5,1,2,6,1,1,1,3,1,1,,,,,,,,,,,,,,,,,,,,,,,,,,,,
5,4,30,7,9,6,11,2,3,5,1,2,6,1,1,1,3,1,1,,,,,,,,,,,,,,,,,,,,,,,,,,,,
5,4,30,7,9,6,11,2,3,5,1,2,6,1,1,1,3,1,1,,,,,,,,,,,,,,,,,,,,,,,,,,,,
5,4,30,7,9,6,11,2,3,5,1,2,6,1,1,1,3,1,1,,,,,,,,,,,,,,,,,,,,,,,,,,,,
5,4,30,7,9,6,11,2,3,5,1,2,6,1,1,1,3,1,1,,,,,,,,,,,,,,,,,,,,,,,,,,,,
5,4,30,7,9,6,11,2,3,5,1,2,6,1,1,1,3,1,1,,,,,,,,,,,,,,,,,,,,,,,,,,,,
5,4,30,12,9,6,11,2,3,1,2,6,1,1,1,3,1,1,,,,,,,,,,,,,,,,,,,,,,,,,,,,,
5,4,30,12,9,6,11,2,3,1,2,6,1,1,1,3,1,1,,,,,,,,,,,,,,,,,,,,,,,,,,,,,
5,4,30,12,9,6,11,2,3,1,2,6,1,1,1,3,1,1,,,,,,,,,,,,,,,,,,,,,,,,,,,,,
11,4,30,12,9,11,2,3,1,2,6,1,1,1,3,1,1,,,,,,,,,,,,,,,,,,,,,,,,,,,,,,
11,4,30,12,9,11,2,3,1,2,6,1,1,1,3,1,1,,,,,,,,,,,,,,,,,,,,,,,,,,,,,,
11,4,30,12,9,11,2,3,1,2,6,1,1,1,3,1,1,,,,,,,,,,,,,,,,,,,,,,,,,,,,,,
11,4,30,12,9,11,2,3,1,2,6,1,1,1,3,1,1,,,,,,,,,,,,,,,,,,,,,,,,,,,,,,
11,4,30,12,9,11,2,3,1,2,6,1,1,1,3,1,1,,,,,,,,,,,,,,,,,,,,,,,,,,,,,,
11,4,30,12,9,11,2,3,1,2,6,1,1,1,3,1,1,,,,,,,,,,,,,,,,,,,,,,,,,,,,,,
11,4,30,12,9,11,2,3,1,2,6,1,1,1,3,1,1,,,,,,,,,,,,,,,,,,,,,,,,,,,,,,
11,4,30,12,9,11,2,3,1,2,6,1,1,1,3,1,1,,,,,,,,,,,,,,,,,,,,,,,,,,,,,,
11,4,30,12,9,11,2,3,1,2,6,1,1,1,3,1,1,,,,,,,,,,,,,,,,,,,,,,,,,,,,,,
11,4,30,12,9,11,2,3,1,2,6,1,1,1,3,1,1,,,,,,,,,,,,,,,,,,,,,,,,,,,,,,
11,4,30,12,9,11,2,3,1,2,6,1,1,1,3,1,1,,,,,,,,,,,,,,,,,,,,,,,,,,,,,,
11,4,30,11,9,11,2,3,1,2,6,1,1,1,1,3,1,1,,,,,,,,,,,,,,,,,,,,,,,,,,,,,
11,4,30,11,9,11,2,3,1,2,6,1,1,1,1,3,1,1,,,,,,,,,,,,,,,,,,,,,,,,,,,,,
11,4,30,11,9,11,2,3,1,2,6,1,1,1,1,3,1,1,,,,,,,,,,,,,,,,,,,,,,,,,,,,,
11,4,30,11,9,11,2,3,1,2,6,1,1,1,1,3,1,1,,,,,,,,,,,,,,,,,,,,,,,,,,,,,
11,4,30,11,9,12,2,3,1,2,6,1,1,1,1,3,1,,,,,,,,,,,,,,,,,,,,,,,,,,,,,,
11,4,30,11,9,12,2,3,1,2,6,1,1,1,1,3,1,,,,,,,,,,,,,,,,,,,,,,,,,,,,,,
11,4,30,11,9,12,2,3,1,2,6,1,1,1,1,3,1,,,,,,,,,,,,,,,,,,,,,,,,,,,,,,
11,4,30,11,9,12,2,3,1,2,6,1,1,1,1,3,1,,,,,,,,,,,,,,,,,,,,,,,,,,,,,,
11,4,30,11,9,12,2,3,2,2,6,1,1,1,3,1,,,,,,,,,,,,,,,,,,,,,,,,,,,,,,,
11,4,30,11,9,12,2,3,2,2,6,1,1,1,3,1,,,,,,,,,,,,,,,,,,,,,,,,,,,,,,,
11,4,30,12,9,12,2,3,2,2,6,1,1,1,3,,,,,,,,,,,,,,,,,,,,,,,,,,,,,,,,
11,4,30,12,9,12,2,3,2,5,6,1,1,1,,,,,,,,,,,,,,,,,,,,,,,,,,,,,,,,,
11,4,30,12,9,12,2,3,2,5,6,1,1,1,,,,,,,,,,,,,,,,,,,,,,,,,,,,,,,,,
11,5,30,7,9,12,2,3,5,2,5,6,1,1,,,,,,,,,,,,,,,,,,,,,,,,,,,,,,,,,
11,5,30,7,9,12,2,3,5,1,5,6,1,1,1,,,,,,,,,,,,,,,,,,,,,,,,,,,,,,,,
11,5,30,7,9,12,2,3,5,1,5,6,1,1,1,,,,,,,,,,,,,,,,,,,,,,,,,,,,,,,,
11,5,30,12,9,12,2,3,1,5,6,1,1,1,,,,,,,,,,,,,,,,,,,,,,,,,,,,,,,,,
11,5,30,7,9,9,2,3,5,1,5,6,1,3,1,1,,,,,,,,,,,,,,,,,,,,,,,,,,,,,,,
11,5,30,7,9,9,2,3,5,1,5,6,1,3,1,1,,,,,,,,,,,,,,,,,,,,,,,,,,,,,,,
11,5,30,7,9,9,2,3,5,1,5,6,1,3,1,1,,,,,,,,,,,,,,,,,,,,,,,,,,,,,,,
11,5,30,7,9,9,2,3,5,1,5,6,1,3,1,1,,,,,,,,,,,,,,,,,,,,,,,,,,,,,,,
11,5,30,7,9,9,2,3,5,1,5,6,1,3,1,1,,,,,,,,,,,,,,,,,,,,,,,,,,,,,,,
11,5,30,7,9,9,2,3,5,1,5,6,1,3,1,1,,,,,,,,,,,,,,,,,,,,,,,,,,,,,,,
11,5,30,7,9,9,2,3,5,1,5,6,1,3,1,1,,,,,,,,,,,,,,,,,,,,,,,,,,,,,,,
11,5,30,7,9,9,2,3,5,1,5,6,1,3,1,1,,,,,,,,,,,,,,,,,,,,,,,,,,,,,,,
11,5,30,7,9,9,2,3,5,1,5,6,1,3,1,1,,,,,,,,,,,,,,,,,,,,,,,,,,,,,,,
11,5,30,7,9,9,2,3,5,1,5,6,1,3,1,1,,,,,,,,,,,,,,,,,,,,,,,,,,,,,,,
11,5,30,7,9,9,2,3,5,1,5,6,1,3,1,1,,,,,,,,,,,,,,,,,,,,,,,,,,,,,,,
11,5,30,7,9,9,2,3,5,1,5,6,1,3,1,1,,,,,,,,,,,,,,,,,,,,,,,,,,,,,,,
11,5,30,7,9,9,2,3,5,1,5,6,1,3,1,1,,,,,,,,,,,,,,,,,,,,,,,,,,,,,,,
11,5,39,7,9,2,3,5,1,5,6,1,3,1,1,,,,,,,,,,,,,,,,,,,,,,,,,,,,,,,,
11,5,39,7,9,2,3,5,1,5,6,1,3,1,1,,,,,,,,,,,,,,,,,,,,,,,,,,,,,,,,
11,5,39,7,9,2,3,5,1,5,6,1,3,1,1,,,,,,,,,,,,,,,,,,,,,,,,,,,,,,,,
11,5,39,7,9,2,3,5,1,5,6,1,3,1,1,,,,,,,,,,,,,,,,,,,,,,,,,,,,,,,,
11,5,39,7,9,2,3,5,1,5,6,1,3,1,1,,,,,,,,,,,,,,,,,,,,,,,,,,,,,,,,
11,5,39,7,9,2,3,5,1,5,6,1,3,1,1,,,,,,,,,,,,,,,,,,,,,,,,,,,,,,,,
11,5,39,7,9,2,9,5,1,5,1,3,1,1,,,,,,,,,,,,,,,,,,,,,,,,,,,,,,,,,
11,5,39,7,9,2,9,5,1,5,1,3,1,1,,,,,,,,,,,,,,,,,,,,,,,,,,,,,,,,,
11,5,39,7,9,2,9,5,1,5,1,3,1,1,,,,,,,,,,,,,,,,,,,,,,,,,,,,,,,,,
11,5,38,7,9,2,9,4,1,5,1,3,1,1,1,1,,,,,,,,,,,,,,,,,,,,,,,,,,,,,,,
11,5,38,7,9,2,9,4,1,5,4,1,1,1,1,,,,,,,,,,,,,,,,,,,,,,,,,,,,,,,,
13,5,38,7,9,9,4,1,5,4,1,1,1,1,,,,,,,,,,,,,,,,,,,,,,,,,,,,,,,,,
13,5,38,7,9,9,4,1,5,4,1,1,1,1,,,,,,,,,,,,,,,,,,,,,,,,,,,,,,,,,
13,5,38,7,9,9,4,1,5,4,1,1,1,1,,,,,,,,,,,,,,,,,,,,,,,,,,,,,,,,,
13,5,38,7,9,9,4,1,5,4,1,1,1,1,,,,,,,,,,,,,,,,,,,,,,,,,,,,,,,,,
13,5,38,7,9,9,4,1,5,4,1,1,1,1,,,,,,,,,,,,,,,,,,,,,,,,,,,,,,,,,
13,5,38,7,9,3,4,1,5,6,4,1,1,1,1,,,,,,,,,,,,,,,,,,,,,,,,,,,,,,,,
13,5,38,7,9,3,4,1,5,6,4,1,1,1,1,,,,,,,,,,,,,,,,,,,,,,,,,,,,,,,,
13,5,38,7,9,3,4,1,5,6,4,1,1,1,1,,,,,,,,,,,,,,,,,,,,,,,,,,,,,,,,
13,5,38,7,9,3,4,1,5,6,4,1,1,1,1,,,,,,,,,,,,,,,,,,,,,,,,,,,,,,,,
13,5,38,7,9,3,4,1,5,6,4,1,1,1,1,,,,,,,,,,,,,,,,,,,,,,,,,,,,,,,,
13,5,38,7,9,3,4,1,5,6,4,1,1,1,1,,,,,,,,,,,,,,,,,,,,,,,,,,,,,,,,
13,5,38,7,9,3,4,1,5,6,4,1,1,1,1,,,,,,,,,,,,,,,,,,,,,,,,,,,,,,,,
13,5,38,7,9,3,4,1,5,6,4,1,1,1,1,,,,,,,,,,,,,,,,,,,,,,,,,,,,,,,,
13,5,38,7,9,3,4,1,5,6,4,1,1,1,1,,,,,,,,,,,,,,,,,,,,,,,,,,,,,,,,
13,5,38,7,9,3,4,1,5,6,4,1,1,1,1,,,,,,,,,,,,,,,,,,,,,,,,,,,,,,,,
13,5,38,7,9,3,4,1,5,6,4,1,1,1,1,,,,,,,,,,,,,,,,,,,,,,,,,,,,,,,,
13,5,38,7,9,3,4,1,5,6,4,1,1,1,1,,,,,,,,,,,,,,,,,,,,,,,,,,,,,,,,
13,5,38,7,9,3,4,1,5,6,4,1,1,1,1,,,,,,,,,,,,,,,,,,,,,,,,,,,,,,,,
13,5,38,7,9,3,4,1,5,6,4,1,1,1,1,,,,,,,,,,,,,,,,,,,,,,,,,,,,,,,,
14,5,38,7,9,3,4,1,5,6,4,1,1,1,,,,,,,,,,,,,,,,,,,,,,,,,,,,,,,,,
14,5,38,7,9,3,4,1,5,6,4,1,1,1,,,,,,,,,,,,,,,,,,,,,,,,,,,,,,,,,
14,5,38,7,9,3,4,1,5,6,4,1,1,1,,,,,,,,,,,,,,,,,,,,,,,,,,,,,,,,,
14,5,38,7,9,3,4,1,5,6,4,1,1,1,,,,,,,,,,,,,,,,,,,,,,,,,,,,,,,,,
14,5,38,7,9,3,4,1,5,6,1,3,1,1,1,,,,,,,,,,,,,,,,,,,,,,,,,,,,,,,,
14,5,38,7,9,3,4,1,5,6,1,3,1,1,1,,,,,,,,,,,,,,,,,,,,,,,,,,,,,,,,
14,5,38,7,9,3,4,1,5,6,1,3,1,1,1,,,,,,,,,,,,,,,,,,,,,,,,,,,,,,,,
14,5,38,7,9,3,4,1,5,6,1,4,1,1,,,,,,,,,,,,,,,,,,,,,,,,,,,,,,,,,
14,5,38,7,9,3,4,1,5,6,1,4,1,1,,,,,,,,,,,,,,,,,,,,,,,,,,,,,,,,,
14,5,38,7,9,3,4,1,5,6,1,4,1,1,,,,,,,,,,,,,,,,,,,,,,,,,,,,,,,,,
14,5,38,7,9,3,4,1,5,6,1,4,1,1,,,,,,,,,,,,,,,,,,,,,,,,,,,,,,,,,
14,5,38,7,9,3,4,1,5,6,1,4,1,1,,,,,,,,,,,,,,,,,,,,,,,,,,,,,,,,,
14,5,38,7,9,3,4,1,5,6,1,4,1,1,,,,,,,,,,,,,,,,,,,,,,,,,,,,,,,,,
14,5,38,7,9,3,4,1,5,6,1,3,1,1,1,,,,,,,,,,,,,,,,,,,,,,,,,,,,,,,,
14,5,38,7,9,3,4,1,5,6,2,3,1,1,,,,,,,,,,,,,,,,,,,,,,,,,,,,,,,,,
14,5,38,7,9,3,4,1,5,6,2,3,1,1,,,,,,,,,,,,,,,,,,,,,,,,,,,,,,,,,
14,5,38,7,9,3,4,1,5,6,2,3,1,1,,,,,,,,,,,,,,,,,,,,,,,,,,,,,,,,,
14,5,38,7,9,3,4,1,5,6,2,3,1,1,,,,,,,,,,,,,,,,,,,,,,,,,,,,,,,,,
14,5,38,7,9,3,4,1,5,6,2,3,1,1,7.071428571,,,,,,,,,,,,,,,,,,,,,,,,,,,,,,,,
14,5,38,7,9,3,4,1,5,6,2,3,1,1,,,,,,,,,,,,,,,,,,,,,,,,,,,,,,,,,
14,5,38,7,9,3,4,1,5,6,2,3,1,1,,,,,,,,,,,,,,,,,,,,,,,,,,,,,,,,,
14,5,38,7,9,3,4,1,5,6,2,3,1,1,,,,,,,,,,,,,,,,,,,,,,,,,,,,,,,,,
14,5,40,9,5,3,4,1,5,6,2,3,1,1,,,,,,,,,,,,,,,,,,,,,,,,,,,,,,,,,
14,5,40,9,5,3,4,1,5,7,2,3,1,,,,,,,,,,,,,,,,,,,,,,,,,,,,,,,,,,
14,5,40,9,5,3,4,1,5,7,2,3,1,,,,,,,,,,,,,,,,,,,,,,,,,,,,,,,,,,
14,5,40,9,5,3,4,1,5,7,2,3,1,,,,,,,,,,,,,,,,,,,,,,,,,,,,,,,,,,
14,5,40,9,5,3,6,1,5,7,3,1,,,,,,,,,,,,,,,,,,,,,,,,,,,,,,,,,,,
14,5,40,9,5,3,6,1,5,7,3,1,,,,,,,,,,,,,,,,,,,,,,,,,,,,,,,,,,,
14,5,40,9,5,3,6,1,5,7,3,1,,,,,,,,,,,,,,,,,,,,,,,,,,,,,,,,,,,
14,5,40,9,5,3,6,1,5,7,3,1,,,,,,,,,,,,,,,,,,,,,,,,,,,,,,,,,,,
14,5,40,9,5,3,6,1,5,7,3,1,,,,,,,,,,,,,,,,,,,,,,,,,,,,,,,,,,,
14,5,39,9,5,3,6,1,5,7,3,1,1,,,,,,,,,,,,,,,,,,,,,,,,,,,,,,,,,,
14,5,39,9,5,3,6,1,5,7,3,1,1,,,,,,,,,,,,,,,,,,,,,,,,,,,,,,,,,,
24,5,39,9,3,6,1,7,3,1,1,,,,,,,,,,,,,,,,,,,,,,,,,,,,,,,,,,,,
24,5,39,9,3,6,1,7,3,1,1,,,,,,,,,,,,,,,,,,,,,,,,,,,,,,,,,,,,
24,5,39,9,3,6,1,7,3,1,1,,,,,,,,,,,,,,,,,,,,,,,,,,,,,,,,,,,,
24,5,39,9,3,6,1,7,3,1,1,,,,,,,,,,,,,,,,,,,,,,,,,,,,,,,,,,,,
24,5,39,9,3,6,1,7,3,1,1,,,,,,,,,,,,,,,,,,,,,,,,,,,,,,,,,,,,
24,5,39,9,3,6,1,7,3,1,1,,,,,,,,,,,,,,,,,,,,,,,,,,,,,,,,,,,,
24,5,39,9,3,6,1,7,3,1,1,,,,,,,,,,,,,,,,,,,,,,,,,,,,,,,,,,,,
24,5,39,9,3,6,1,7,3,1,1,,,,,,,,,,,,,,,,,,,,,,,,,,,,,,,,,,,,
24,5,39,9,3,6,1,7,3,1,1,,,,,,,,,,,,,,,,,,,,,,,,,,,,,,,,,,,,
24,5,39,9,3,6,1,7,3,1,1,,,,,,,,,,,,,,,,,,,,,,,,,,,,,,,,,,,,
24,5,39,9,3,6,1,7,3,1,1,,,,,,,,,,,,,,,,,,,,,,,,,,,,,,,,,,,,
24,5,39,9,3,6,1,7,3,1,1,,,,,,,,,,,,,,,,,,,,,,,,,,,,,,,,,,,,
24,5,39,9,3,6,1,7,3,1,1,,,,,,,,,,,,,,,,,,,,,,,,,,,,,,,,,,,,
24,5,39,9,3,6,1,7,3,1,1,,,,,,,,,,,,,,,,,,,,,,,,,,,,,,,,,,,,
24,5,39,9,3,6,1,7,3,1,1,,,,,,,,,,,,,,,,,,,,,,,,,,,,,,,,,,,,
24,5,39,9,3,6,1,7,3,1,1,,,,,,,,,,,,,,,,,,,,,,,,,,,,,,,,,,,,
24,5,39,9,3,6,1,7,3,1,1,,,,,,,,,,,,,,,,,,,,,,,,,,,,,,,,,,,,
24,5,39,9,3,5,1,7,3,1,1,1,,,,,,,,,,,,,,,,,,,,,,,,,,,,,,,,,,,
24,5,39,9,3,5,1,7,3,1,1,1,,,,,,,,,,,,,,,,,,,,,,,,,,,,,,,,,,,
24,5,39,9,3,5,1,7,3,1,1,1,,,,,,,,,,,,,,,,,,,,,,,,,,,,,,,,,,,
24,5,39,9,3,5,1,7,3,1,1,1,,,,,,,,,,,,,,,,,,,,,,,,,,,,,,,,,,,
24,5,39,9,3,5,1,7,3,1,1,1,,,,,,,,,,,,,,,,,,,,,,,,,,,,,,,,,,,
24,5,39,9,3,5,1,7,3,1,1,1,,,,,,,,,,,,,,,,,,,,,,,,,,,,,,,,,,,
24,5,39,9,3,5,1,7,3,1,1,1,,,,,,,,,,,,,,,,,,,,,,,,,,,,,,,,,,,
24,5,39,9,3,5,1,7,3,1,1,1,,,,,,,,,,,,,,,,,,,,,,,,,,,,,,,,,,,
24,5,44,9,3,1,7,3,1,1,1,,,,,,,,,,,,,,,,,,,,,,,,,,,,,,,,,,,,
24,5,44,9,3,1,8,3,1,1,,,,,,,,,,,,,,,,,,,,,,,,,,,,,,,,,,,,,
24,5,44,9,3,1,8,3,1,1,,,,,,,,,,,,,,,,,,,,,,,,,,,,,,,,,,,,,
24,5,44,9,3,1,8,3,1,1,,,,,,,,,,,,,,,,,,,,,,,,,,,,,,,,,,,,,
19,5,44,9,5,3,1,8,3,1,1,,,,,,,,,,,,,,,,,,,,,,,,,,,,,,,,,,,,
19,5,44,9,5,3,1,8,3,1,1,,,,,,,,,,,,,,,,,,,,,,,,,,,,,,,,,,,,
19,5,44,9,5,3,1,8,3,1,1,,,,,,,,,,,,,,,,,,,,,,,,,,,,,,,,,,,,
19,5,44,9,5,3,1,8,3,1,1,,,,,,,,,,,,,,,,,,,,,,,,,,,,,,,,,,,,
19,5,44,9,5,3,1,8,3,1,1,,,,,,,,,,,,,,,,,,,,,,,,,,,,,,,,,,,,
19,5,44,9,5,3,1,8,3,1,1,,,,,,,,,,,,,,,,,,,,,,,,,,,,,,,,,,,,
19,5,44,9,5,3,1,8,3,1,1,,,,,,,,,,,,,,,,,,,,,,,,,,,,,,,,,,,,
14,5,44,9,5,3,1,5,8,3,1,1,,,,,,,,,,,,,,,,,,,,,,,,,,,,,,,,,,,
14,5,44,9,5,3,1,5,8,3,1,1,,,,,,,,,,,,,,,,,,,,,,,,,,,,,,,,,,,
14,5,44,9,5,3,1,5,8,3,1,1,,,,,,,,,,,,,,,,,,,,,,,,,,,,,,,,,,,
14,5,44,9,5,3,1,5,8,3,1,1,,,,,,,,,,,,,,,,,,,,,,,,,,,,,,,,,,,
14,5,44,9,5,3,1,5,8,3,1,1,8.25,,,,,,,,,,,,,,,,,,,,,,,,,,,,,,,,,,
14,5,44,9,5,3,1,5,8,3,1,1,,,,,,,,,,,,,,,,,,,,,,,,,,,,,,,,,,,
14,5,44,9,5,3,1,5,8,3,1,1,,,,,,,,,,,,,,,,,,,,,,,,,,,,,,,,,,,
14,5,44,9,5,3,1,5,8,3,1,1,,,,,,,,,,,,,,,,,,,,,,,,,,,,,,,,,,,
14,5,44,9,5,3,1,5,8,3,1,1,,,,,,,,,,,,,,,,,,,,,,,,,,,,,,,,,,,
14,5,44,9,5,3,1,5,8,3,1,1,,,,,,,,,,,,,,,,,,,,,,,,,,,,,,,,,,,
14,5,44,9,5,3,1,5,8,3,1,1,,,,,,,,,,,,,,,,,,,,,,,,,,,,,,,,,,,
14,5,44,9,5,3,1,5,8,3,1,1,,,,,,,,,,,,,,,,,,,,,,,,,,,,,,,,,,,
14,5,44,9,5,3,1,5,8,3,1,1,,,,,,,,,,,,,,,,,,,,,,,,,,,,,,,,,,,
14,5,44,9,5,3,1,5,8,3,1,1,,,,,,,,,,,,,,,,,,,,,,,,,,,,,,,,,,,
14,5,44,9,5,3,1,5,8,3,1,1,,,,,,,,,,,,,,,,,,,,,,,,,,,,,,,,,,,
14,5,44,9,5,3,1,5,8,3,1,1,,,,,,,,,,,,,,,,,,,,,,,,,,,,,,,,,,,
14,5,44,9,5,3,1,5,8,3,1,1,,,,,,,,,,,,,,,,,,,,,,,,,,,,,,,,,,,
14,5,44,9,5,3,1,5,8,3,1,1,,,,,,,,,,,,,,,,,,,,,,,,,,,,,,,,,,,
14,5,44,9,5,3,1,5,8,3,1,1,,,,,,,,,,,,,,,,,,,,,,,,,,,,,,,,,,,
15,5,44,9,5,3,5,8,3,1,1,,,,,,,,,,,,,,,,,,,,,,,,,,,,,,,,,,,,
15,5,44,9,5,3,5,8,3,1,1,,,,,,,,,,,,,,,,,,,,,,,,,,,,,,,,,,,,
15,5,44,9,5,3,5,8,3,1,1,,,,,,,,,,,,,,,,,,,,,,,,,,,,,,,,,,,,
15,5,44,9,5,8,8,3,1,1,,,,,,,,,,,,,,,,,,,,,,,,,,,,,,,,,,,,,
15,5,44,9,5,8,8,3,1,1,,,,,,,,,,,,,,,,,,,,,,,,,,,,,,,,,,,,,
15,5,44,9,5,8,8,3,1,1,,,,,,,,,,,,,,,,,,,,,,,,,,,,,,,,,,,,,
15,5,44,9,5,8,8,3,1,1,,,,,,,,,,,,,,,,,,,,,,,,,,,,,,,,,,,,,
15,5,44,9,5,8,8,3,1,1,,,,,,,,,,,,,,,,,,,,,,,,,,,,,,,,,,,,,
15,5,44,9,5,8,8,3,1,1,,,,,,,,,,,,,,,,,,,,,,,,,,,,,,,,,,,,,
15,5,44,9,5,8,8,3,1,1,,,,,,,,,,,,,,,,,,,,,,,,,,,,,,,,,,,,,
15,5,44,9,5,8,8,3,1,1,,,,,,,,,,,,,,,,,,,,,,,,,,,,,,,,,,,,,
15,5,44,9,5,8,8,3,1,1,,,,,,,,,,,,,,,,,,,,,,,,,,,,,,,,,,,,,
15,5,44,17,5,8,3,1,1,,,,,,,,,,,,,,,,,,,,,,,,,,,,,,,,,,,,,,
15,5,44,17,5,8,3,1,1,,,,,,,,,,,,,,,,,,,,,,,,,,,,,,,,,,,,,,
15,5,44,17,5,8,3,1,1,,,,,,,,,,,,,,,,,,,,,,,,,,,,,,,,,,,,,,
Boid caught by predator ,,,,,,,,,,,,,,,,,,,,,,,,,,,,,,,,,,,,,,,,,,,,,,
15,44,17,5,8,4,3,1,1,,,,,,,,,,,,,,,,,,,,,,,,,,,,,,,,,,,,,,
15,44,17,5,8,4,3,1,1,,,,,,,,,,,,,,,,,,,,,,,,,,,,,,,,,,,,,,
15,44,17,5,8,4,3,1,1,,,,,,,,,,,,,,,,,,,,,,,,,,,,,,,,,,,,,,
15,44,14,5,3,8,4,3,1,1,,,,,,,,,,,,,,,,,,,,,,,,,,,,,,,,,,,,,
15,44,14,5,3,8,4,3,1,1,,,,,,,,,,,,,,,,,,,,,,,,,,,,,,,,,,,,,
15,44,14,5,3,8,4,3,1,1,,,,,,,,,,,,,,,,,,,,,,,,,,,,,,,,,,,,,
15,44,14,5,3,8,4,3,1,1,,,,,,,,,,,,,,,,,,,,,,,,,,,,,,,,,,,,,
15,44,14,5,3,8,4,3,1,1,,,,,,,,,,,,,,,,,,,,,,,,,,,,,,,,,,,,,
15,44,14,5,3,8,4,3,1,1,,,,,,,,,,,,,,,,,,,,,,,,,,,,,,,,,,,,,
15,44,14,5,3,8,4,3,1,1,,,,,,,,,,,,,,,,,,,,,,,,,,,,,,,,,,,,,
15,44,14,5,3,8,4,3,1,1,,,,,,,,,,,,,,,,,,,,,,,,,,,,,,,,,,,,,
15,45,14,5,3,8,4,3,1,,,,,,,,,,,,,,,,,,,,,,,,,,,,,,,,,,,,,,
15,45,14,5,3,8,4,3,1,,,,,,,,,,,,,,,,,,,,,,,,,,,,,,,,,,,,,,
15,45,14,5,3,8,4,3,1,,,,,,,,,,,,,,,,,,,,,,,,,,,,,,,,,,,,,,
15,45,14,5,3,8,4,3,1,,,,,,,,,,,,,,,,,,,,,,,,,,,,,,,,,,,,,,
15,44,14,5,3,8,4,3,1,1,,,,,,,,,,,,,,,,,,,,,,,,,,,,,,,,,,,,,
15,44,14,5,3,8,4,3,1,1,,,,,,,,,,,,,,,,,,,,,,,,,,,,,,,,,,,,,
15,44,14,5,3,8,4,3,1,1,,,,,,,,,,,,,,,,,,,,,,,,,,,,,,,,,,,,,
15,44,14,5,3,8,4,3,1,1,,,,,,,,,,,,,,,,,,,,,,,,,,,,,,,,,,,,,
15,44,14,5,3,8,4,3,1,1,,,,,,,,,,,,,,,,,,,,,,,,,,,,,,,,,,,,,
15,44,14,5,3,8,4,3,1,1,,,,,,,,,,,,,,,,,,,,,,,,,,,,,,,,,,,,,
15,44,14,5,3,8,4,3,1,1,,,,,,,,,,,,,,,,,,,,,,,,,,,,,,,,,,,,,
15,44,14,5,3,8,4,3,1,1,,,,,,,,,,,,,,,,,,,,,,,,,,,,,,,,,,,,,
15,44,14,5,3,8,4,3,1,1,,,,,,,,,,,,,,,,,,,,,,,,,,,,,,,,,,,,,
15,44,14,5,3,8,4,3,1,1,,,,,,,,,,,,,,,,,,,,,,,,,,,,,,,,,,,,,
15,44,14,5,3,8,4,3,1,1,,,,,,,,,,,,,,,,,,,,,,,,,,,,,,,,,,,,,
14,44,14,5,3,1,8,4,3,1,1,,,,,,,,,,,,,,,,,,,,,,,,,,,,,,,,,,,,
14,44,14,5,4,8,4,3,1,1,,,,,,,,,,,,,,,,,,,,,,,,,,,,,,,,,,,,,
14,44,14,5,3,1,8,4,3,1,1,,,,,,,,,,,,,,,,,,,,,,,,,,,,,,,,,,,,
14,44,14,5,3,1,8,4,3,1,1,,,,,,,,,,,,,,,,,,,,,,,,,,,,,,,,,,,,
14,44,14,5,3,1,8,4,3,1,1,,,,,,,,,,,,,,,,,,,,,,,,,,,,,,,,,,,,
14,44,14,5,3,1,8,4,3,1,1,,,,,,,,,,,,,,,,,,,,,,,,,,,,,,,,,,,,
14,44,14,5,4,8,4,3,1,1,,,,,,,,,,,,,,,,,,,,,,,,,,,,,,,,,,,,,
14,44,14,5,4,8,4,3,1,1,,,,,,,,,,,,,,,,,,,,,,,,,,,,,,,,,,,,,
14,44,14,5,3,1,8,4,3,1,1,,,,,,,,,,,,,,,,,,,,,,,,,,,,,,,,,,,,
14,44,14,5,3,1,8,4,3,1,1,,,,,,,,,,,,,,,,,,,,,,,,,,,,,,,,,,,,
14,44,14,5,3,1,8,4,3,1,1,,,,,,,,,,,,,,,,,,,,,,,,,,,,,,,,,,,,
14,44,14,5,3,1,8,4,3,1,1,,,,,,,,,,,,,,,,,,,,,,,,,,,,,,,,,,,,
14,44,14,5,3,1,8,4,3,1,1,,,,,,,,,,,,,,,,,,,,,,,,,,,,,,,,,,,,
14,44,14,5,3,1,8,4,3,1,1,,,,,,,,,,,,,,,,,,,,,,,,,,,,,,,,,,,,
14,44,14,5,3,1,8,4,3,1,1,,,,,,,,,,,,,,,,,,,,,,,,,,,,,,,,,,,,
14,44,14,5,3,1,8,4,3,1,1,,,,,,,,,,,,,,,,,,,,,,,,,,,,,,,,,,,,
14,44,14,5,3,1,8,4,3,1,1,,,,,,,,,,,,,,,,,,,,,,,,,,,,,,,,,,,,
14,44,14,5,3,1,8,4,3,1,1,,,,,,,,,,,,,,,,,,,,,,,,,,,,,,,,,,,,
14,44,14,5,3,1,8,4,3,1,1,,,,,,,,,,,,,,,,,,,,,,,,,,,,,,,,,,,,
14,44,14,5,3,1,8,4,3,1,1,,,,,,,,,,,,,,,,,,,,,,,,,,,,,,,,,,,,
14,44,14,5,3,1,8,4,3,1,1,,,,,,,,,,,,,,,,,,,,,,,,,,,,,,,,,,,,
14,44,14,5,3,1,8,4,3,1,1,,,,,,,,,,,,,,,,,,,,,,,,,,,,,,,,,,,,
14,44,14,5,3,1,8,4,3,1,1,,,,,,,,,,,,,,,,,,,,,,,,,,,,,,,,,,,,
14,44,14,5,3,1,8,4,3,1,1,,,,,,,,,,,,,,,,,,,,,,,,,,,,,,,,,,,,
14,44,14,5,3,1,8,4,3,1,1,,,,,,,,,,,,,,,,,,,,,,,,,,,,,,,,,,,,
14,44,14,5,3,1,8,4,3,1,1,,,,,,,,,,,,,,,,,,,,,,,,,,,,,,,,,,,,
14,44,14,5,3,1,8,4,3,1,1,,,,,,,,,,,,,,,,,,,,,,,,,,,,,,,,,,,,
14,45,14,5,3,1,8,4,3,1,,,,,,,,,,,,,,,,,,,,,,,,,,,,,,,,,,,,,
14,45,15,5,3,8,4,3,1,,,,,,,,,,,,,,,,,,,,,,,,,,,,,,,,,,,,,,
14,45,15,5,3,8,4,3,1,,,,,,,,,,,,,,,,,,,,,,,,,,,,,,,,,,,,,,
14,45,15,5,3,8,4,3,1,,,,,,,,,,,,,,,,,,,,,,,,,,,,,,,,,,,,,,
14,45,15,5,3,8,4,3,1,,,,,,,,,,,,,,,,,,,,,,,,,,,,,,,,,,,,,,
14,45,10,5,5,3,8,4,3,1,,,,,,,,,,,,,,,,,,,,,,,,,,,,,,,,,,,,,
14,45,10,5,5,3,8,4,3,1,,,,,,,,,,,,,,,,,,,,,,,,,,,,,,,,,,,,,
14,45,10,5,5,3,8,4,3,1,,,,,,,,,,,,,,,,,,,,,,,,,,,,,,,,,,,,,
14,45,10,5,5,3,8,4,3,1,,,,,,,,,,,,,,,,,,,,,,,,,,,,,,,,,,,,,
14,45,10,5,5,3,8,4,3,1,,,,,,,,,,,,,,,,,,,,,,,,,,,,,,,,,,,,,
14,45,10,5,5,3,8,4,3,1,,,,,,,,,,,,,,,,,,,,,,,,,,,,,,,,,,,,,
14,45,10,5,5,3,8,4,3,1,,,,,,,,,,,,,,,,,,,,,,,,,,,,,,,,,,,,,
14,45,10,5,5,3,8,4,3,1,,,,,,,,,,,,,,,,,,,,,,,,,,,,,,,,,,,,,
14,45,10,5,5,3,8,4,3,1,,,,,,,,,,,,,,,,,,,,,,,,,,,,,,,,,,,,,
14,45,10,5,5,3,8,4,3,1,,,,,,,,,,,,,,,,,,,,,,,,,,,,,,,,,,,,,
24,45,5,5,3,8,4,3,1,,,,,,,,,,,,,,,,,,,,,,,,,,,,,,,,,,,,,,
24,45,5,5,3,8,4,3,1,,,,,,,,,,,,,,,,,,,,,,,,,,,,,,,,,,,,,,
24,45,5,5,3,8,4,3,1,,,,,,,,,,,,,,,,,,,,,,,,,,,,,,,,,,,,,,
29,45,5,3,8,4,3,1,,,,,,,,,,,,,,,,,,,,,,,,,,,,,,,,,,,,,,,
29,45,5,3,8,4,3,1,,,,,,,,,,,,,,,,,,,,,,,,,,,,,,,,,,,,,,,
29,45,5,3,8,4,3,1,,,,,,,,,,,,,,,,,,,,,,,,,,,,,,,,,,,,,,,
29,45,5,3,8,4,3,1,,,,,,,,,,,,,,,,,,,,,,,,,,,,,,,,,,,,,,,
29,45,5,3,8,4,3,1,,,,,,,,,,,,,,,,,,,,,,,,,,,,,,,,,,,,,,,
29,45,5,3,8,4,3,1,,,,,,,,,,,,,,,,,,,,,,,,,,,,,,,,,,,,,,,
29,45,5,3,8,4,3,1,,,,,,,,,,,,,,,,,,,,,,,,,,,,,,,,,,,,,,,
29,45,5,3,8,4,3,1,,,,,,,,,,,,,,,,,,,,,,,,,,,,,,,,,,,,,,,
29,45,5,3,8,4,3,1,,,,,,,,,,,,,,,,,,,,,,,,,,,,,,,,,,,,,,,
29,45,5,3,8,4,3,1,,,,,,,,,,,,,,,,,,,,,,,,,,,,,,,,,,,,,,,
29,45,5,3,8,4,3,1,,,,,,,,,,,,,,,,,,,,,,,,,,,,,,,,,,,,,,,
29,45,5,3,8,4,3,1,,,,,,,,,,,,,,,,,,,,,,,,,,,,,,,,,,,,,,,
29,45,5,3,8,4,3,1,,,,,,,,,,,,,,,,,,,,,,,,,,,,,,,,,,,,,,,
29,45,5,3,8,4,3,1,,,,,,,,,,,,,,,,,,,,,,,,,,,,,,,,,,,,,,,
29,45,5,3,8,4,3,1,,,,,,,,,,,,,,,,,,,,,,,,,,,,,,,,,,,,,,,
29,45,5,3,8,4,3,1,,,,,,,,,,,,,,,,,,,,,,,,,,,,,,,,,,,,,,,
29,45,5,3,8,4,3,1,,,,,,,,,,,,,,,,,,,,,,,,,,,,,,,,,,,,,,,
29,45,5,3,8,4,3,1,,,,,,,,,,,,,,,,,,,,,,,,,,,,,,,,,,,,,,,
19,45,10,5,3,8,4,3,1,,,,,,,,,,,,,,,,,,,,,,,,,,,,,,,,,,,,,,
19,45,10,5,3,8,4,3,1,,,,,,,,,,,,,,,,,,,,,,,,,,,,,,,,,,,,,,
19,45,10,5,3,8,4,3,1,,,,,,,,,,,,,,,,,,,,,,,,,,,,,,,,,,,,,,
19,45,10,5,3,8,4,3,1,,,,,,,,,,,,,,,,,,,,,,,,,,,,,,,,,,,,,,
19,45,10,5,3,8,4,3,1,,,,,,,,,,,,,,,,,,,,,,,,,,,,,,,,,,,,,,
19,45,10,5,3,8,4,3,1,,,,,,,,,,,,,,,,,,,,,,,,,,,,,,,,,,,,,,
19,45,10,5,3,8,4,3,1,,,,,,,,,,,,,,,,,,,,,,,,,,,,,,,,,,,,,,
19,45,10,5,3,8,4,3,1,,,,,,,,,,,,,,,,,,,,,,,,,,,,,,,,,,,,,,
19,45,10,5,3,8,4,3,1,,,,,,,,,,,,,,,,,,,,,,,,,,,,,,,,,,,,,,
19,45,10,5,3,8,4,3,1,,,,,,,,,,,,,,,,,,,,,,,,,,,,,,,,,,,,,,
19,45,10,5,3,8,4,3,1,,,,,,,,,,,,,,,,,,,,,,,,,,,,,,,,,,,,,,
19,45,10,5,3,8,4,3,1,,,,,,,,,,,,,,,,,,,,,,,,,,,,,,,,,,,,,,
19,45,10,5,3,8,4,3,1,,,,,,,,,,,,,,,,,,,,,,,,,,,,,,,,,,,,,,
19,45,10,5,3,8,4,3,1,,,,,,,,,,,,,,,,,,,,,,,,,,,,,,,,,,,,,,
19,45,10,5,3,8,4,3,1,,,,,,,,,,,,,,,,,,,,,,,,,,,,,,,,,,,,,,
19,45,10,5,3,8,4,3,1,,,,,,,,,,,,,,,,,,,,,,,,,,,,,,,,,,,,,,
19,45,10,5,3,8,4,3,1,,,,,,,,,,,,,,,,,,,,,,,,,,,,,,,,,,,,,,
19,45,10,5,3,8,4,3,1,,,,,,,,,,,,,,,,,,,,,,,,,,,,,,,,,,,,,,
19,45,10,5,3,8,4,3,1,,,,,,,,,,,,,,,,,,,,,,,,,,,,,,,,,,,,,,
19,45,10,5,3,8,4,3,1,,,,,,,,,,,,,,,,,,,,,,,,,,,,,,,,,,,,,,
19,45,10,5,3,8,4,3,1,,,,,,,,,,,,,,,,,,,,,,,,,,,,,,,,,,,,,,
19,45,10,5,3,8,4,3,1,,,,,,,,,,,,,,,,,,,,,,,,,,,,,,,,,,,,,,
19,45,10,5,3,8,4,3,1,10.88888889,,,,,,,,,,,,,,,,,,,,,,,,,,,,,,,,,,,,,
19,45,10,5,3,8,4,3,1,,,,,,,,,,,,,,,,,,,,,,,,,,,,,,,,,,,,,,
19,45,10,5,3,8,4,3,1,,,,,,,,,,,,,,,,,,,,,,,,,,,,,,,,,,,,,,
19,45,10,5,3,8,4,3,1,,,,,,,,,,,,,,,,,,,,,,,,,,,,,,,,,,,,,,
24,45,10,3,8,4,3,1,,,,,,,,,,,,,,,,,,,,,,,,,,,,,,,,,,,,,,,
24,45,10,3,8,4,3,1,,,,,,,,,,,,,,,,,,,,,,,,,,,,,,,,,,,,,,,
24,45,10,3,8,4,3,1,,,,,,,,,,,,,,,,,,,,,,,,,,,,,,,,,,,,,,,
24,45,10,3,8,4,3,1,,,,,,,,,,,,,,,,,,,,,,,,,,,,,,,,,,,,,,,
24,45,10,3,8,4,3,1,,,,,,,,,,,,,,,,,,,,,,,,,,,,,,,,,,,,,,,
24,45,10,3,8,4,3,1,,,,,,,,,,,,,,,,,,,,,,,,,,,,,,,,,,,,,,,
24,45,10,3,8,4,3,1,,,,,,,,,,,,,,,,,,,,,,,,,,,,,,,,,,,,,,,
24,45,10,3,8,4,3,1,,,,,,,,,,,,,,,,,,,,,,,,,,,,,,,,,,,,,,,
24,45,10,3,8,4,3,1,,,,,,,,,,,,,,,,,,,,,,,,,,,,,,,,,,,,,,,
24,45,10,3,8,4,3,1,,,,,,,,,,,,,,,,,,,,,,,,,,,,,,,,,,,,,,,
24,45,10,3,8,4,3,1,,,,,,,,,,,,,,,,,,,,,,,,,,,,,,,,,,,,,,,
24,45,10,3,8,4,3,1,,,,,,,,,,,,,,,,,,,,,,,,,,,,,,,,,,,,,,,
24,45,10,3,8,4,3,1,,,,,,,,,,,,,,,,,,,,,,,,,,,,,,,,,,,,,,,
24,45,10,3,8,4,3,1,,,,,,,,,,,,,,,,,,,,,,,,,,,,,,,,,,,,,,,
24,45,10,3,8,4,3,1,,,,,,,,,,,,,,,,,,,,,,,,,,,,,,,,,,,,,,,
24,45,10,3,8,4,3,1,,,,,,,,,,,,,,,,,,,,,,,,,,,,,,,,,,,,,,,
24,45,10,3,8,4,3,1,,,,,,,,,,,,,,,,,,,,,,,,,,,,,,,,,,,,,,,
24,45,10,3,8,4,3,1,,,,,,,,,,,,,,,,,,,,,,,,,,,,,,,,,,,,,,,
24,45,10,3,8,4,3,1,,,,,,,,,,,,,,,,,,,,,,,,,,,,,,,,,,,,,,,
24,45,10,3,8,4,3,1,,,,,,,,,,,,,,,,,,,,,,,,,,,,,,,,,,,,,,,
24,45,10,3,8,4,3,1,,,,,,,,,,,,,,,,,,,,,,,,,,,,,,,,,,,,,,,
24,45,10,3,8,4,3,1,,,,,,,,,,,,,,,,,,,,,,,,,,,,,,,,,,,,,,,
24,45,10,3,8,4,3,1,,,,,,,,,,,,,,,,,,,,,,,,,,,,,,,,,,,,,,,
24,45,10,3,8,4,3,1,,,,,,,,,,,,,,,,,,,,,,,,,,,,,,,,,,,,,,,
24,45,10,3,8,4,3,1,,,,,,,,,,,,,,,,,,,,,,,,,,,,,,,,,,,,,,,
24,45,10,3,8,4,3,1,,,,,,,,,,,,,,,,,,,,,,,,,,,,,,,,,,,,,,,
24,45,10,3,8,4,3,1,,,,,,,,,,,,,,,,,,,,,,,,,,,,,,,,,,,,,,,
24,45,10,3,8,4,3,1,,,,,,,,,,,,,,,,,,,,,,,,,,,,,,,,,,,,,,,
24,45,10,3,8,4,3,1,,,,,,,,,,,,,,,,,,,,,,,,,,,,,,,,,,,,,,,
24,45,10,3,8,4,3,1,,,,,,,,,,,,,,,,,,,,,,,,,,,,,,,,,,,,,,,
24,45,10,3,8,4,3,1,,,,,,,,,,,,,,,,,,,,,,,,,,,,,,,,,,,,,,,
24,45,10,3,8,4,3,1,,,,,,,,,,,,,,,,,,,,,,,,,,,,,,,,,,,,,,,
24,45,10,3,8,4,3,1,,,,,,,,,,,,,,,,,,,,,,,,,,,,,,,,,,,,,,,
24,45,10,3,8,4,3,1,,,,,,,,,,,,,,,,,,,,,,,,,,,,,,,,,,,,,,,
24,45,10,3,8,4,3,1,,,,,,,,,,,,,,,,,,,,,,,,,,,,,,,,,,,,,,,
24,45,10,3,8,4,3,1,,,,,,,,,,,,,,,,,,,,,,,,,,,,,,,,,,,,,,,
24,45,10,3,8,4,3,1,,,,,,,,,,,,,,,,,,,,,,,,,,,,,,,,,,,,,,,
24,45,10,3,8,4,3,1,,,,,,,,,,,,,,,,,,,,,,,,,,,,,,,,,,,,,,,
24,45,10,3,8,4,3,1,,,,,,,,,,,,,,,,,,,,,,,,,,,,,,,,,,,,,,,
24,45,10,3,8,4,3,1,,,,,,,,,,,,,,,,,,,,,,,,,,,,,,,,,,,,,,,
24,45,10,3,8,4,3,1,,,,,,,,,,,,,,,,,,,,,,,,,,,,,,,,,,,,,,,
24,45,10,3,8,4,3,1,,,,,,,,,,,,,,,,,,,,,,,,,,,,,,,,,,,,,,,
24,45,10,3,8,4,3,1,,,,,,,,,,,,,,,,,,,,,,,,,,,,,,,,,,,,,,,
24,45,10,3,8,4,3,1,,,,,,,,,,,,,,,,,,,,,,,,,,,,,,,,,,,,,,,
24,45,10,3,8,4,3,1,,,,,,,,,,,,,,,,,,,,,,,,,,,,,,,,,,,,,,,
24,45,10,3,8,4,3,1,,,,,,,,,,,,,,,,,,,,,,,,,,,,,,,,,,,,,,,
24,45,10,3,8,4,3,1,,,,,,,,,,,,,,,,,,,,,,,,,,,,,,,,,,,,,,,
24,45,10,3,8,4,3,1,,,,,,,,,,,,,,,,,,,,,,,,,,,,,,,,,,,,,,,
24,45,10,3,8,4,3,1,,,,,,,,,,,,,,,,,,,,,,,,,,,,,,,,,,,,,,,
24,45,10,3,8,4,3,1,,,,,,,,,,,,,,,,,,,,,,,,,,,,,,,,,,,,,,,
24,45,10,3,8,4,3,1,,,,,,,,,,,,,,,,,,,,,,,,,,,,,,,,,,,,,,,
24,45,10,3,8,4,3,1,12.25,,,,,,,,,,,,,,,,,,,,,,,,,,,,,,,,,,,,,,
24,45,10,3,8,4,3,1,,,,,,,,,,,,,,,,,,,,,,,,,,,,,,,,,,,,,,,
24,45,10,3,8,4,3,1,,,,,,,,,,,,,,,,,,,,,,,,,,,,,,,,,,,,,,,
24,45,10,3,8,4,3,1,,,,,,,,,,,,,,,,,,,,,,,,,,,,,,,,,,,,,,,
24,45,10,3,8,4,3,1,,,,,,,,,,,,,,,,,,,,,,,,,,,,,,,,,,,,,,,
24,45,10,3,8,4,3,1,,,,,,,,,,,,,,,,,,,,,,,,,,,,,,,,,,,,,,,
24,45,10,3,8,4,3,1,,,,,,,,,,,,,,,,,,,,,,,,,,,,,,,,,,,,,,,
24,45,10,3,8,4,3,1,,,,,,,,,,,,,,,,,,,,,,,,,,,,,,,,,,,,,,,
24,45,10,3,8,4,3,1,,,,,,,,,,,,,,,,,,,,,,,,,,,,,,,,,,,,,,,
24,45,10,3,8,4,3,1,,,,,,,,,,,,,,,,,,,,,,,,,,,,,,,,,,,,,,,
24,45,10,3,8,4,3,1,,,,,,,,,,,,,,,,,,,,,,,,,,,,,,,,,,,,,,,
24,45,10,3,8,4,3,1,,,,,,,,,,,,,,,,,,,,,,,,,,,,,,,,,,,,,,,
24,45,10,3,8,4,3,1,,,,,,,,,,,,,,,,,,,,,,,,,,,,,,,,,,,,,,,
24,45,10,3,8,4,3,1,,,,,,,,,,,,,,,,,,,,,,,,,,,,,,,,,,,,,,,
24,45,10,3,8,4,3,1,,,,,,,,,,,,,,,,,,,,,,,,,,,,,,,,,,,,,,,
24,45,10,3,8,4,3,1,,,,,,,,,,,,,,,,,,,,,,,,,,,,,,,,,,,,,,,
24,45,10,3,8,4,3,1,,,,,,,,,,,,,,,,,,,,,,,,,,,,,,,,,,,,,,,
24,45,10,3,8,4,3,1,,,,,,,,,,,,,,,,,,,,,,,,,,,,,,,,,,,,,,,
24,45,10,11,4,3,1,,,,,,,,,,,,,,,,,,,,,,,,,,,,,,,,,,,,,,,,
24,45,10,11,4,3,1,,,,,,,,,,,,,,,,,,,,,,,,,,,,,,,,,,,,,,,,
24,45,10,11,4,3,1,,,,,,,,,,,,,,,,,,,,,,,,,,,,,,,,,,,,,,,,
24,45,10,11,4,3,1,,,,,,,,,,,,,,,,,,,,,,,,,,,,,,,,,,,,,,,,
24,45,10,11,4,3,1,,,,,,,,,,,,,,,,,,,,,,,,,,,,,,,,,,,,,,,,
24,45,10,11,4,3,1,,,,,,,,,,,,,,,,,,,,,,,,,,,,,,,,,,,,,,,,
24,45,10,11,4,3,1,,,,,,,,,,,,,,,,,,,,,,,,,,,,,,,,,,,,,,,,
24,45,10,11,4,3,1,,,,,,,,,,,,,,,,,,,,,,,,,,,,,,,,,,,,,,,,
24,45,10,11,4,3,1,,,,,,,,,,,,,,,,,,,,,,,,,,,,,,,,,,,,,,,,
24,45,10,11,4,3,1,,,,,,,,,,,,,,,,,,,,,,,,,,,,,,,,,,,,,,,,
24,45,10,11,4,3,1,,,,,,,,,,,,,,,,,,,,,,,,,,,,,,,,,,,,,,,,
24,45,10,11,4,3,1,,,,,,,,,,,,,,,,,,,,,,,,,,,,,,,,,,,,,,,,
24,45,10,11,4,3,1,,,,,,,,,,,,,,,,,,,,,,,,,,,,,,,,,,,,,,,,
24,45,10,11,4,3,1,,,,,,,,,,,,,,,,,,,,,,,,,,,,,,,,,,,,,,,,
24,48,10,11,4,1,,,,,,,,,,,,,,,,,,,,,,,,,,,,,,,,,,,,,,,,,
25,48,10,11,4,,,,,,,,,,,,,,,,,,,,,,,,,,,,,,,,,,,,,,,,,,
25,48,10,11,4,,,,,,,,,,,,,,,,,,,,,,,,,,,,,,,,,,,,,,,,,,
25,45,10,11,4,3,,,,,,,,,,,,,,,,,,,,,,,,,,,,,,,,,,,,,,,,,
25,48,10,11,4,,,,,,,,,,,,,,,,,,,,,,,,,,,,,,,,,,,,,,,,,,
25,48,10,11,4,,,,,,,,,,,,,,,,,,,,,,,,,,,,,,,,,,,,,,,,,,
25,48,10,11,4,,,,,,,,,,,,,,,,,,,,,,,,,,,,,,,,,,,,,,,,,,
25,48,10,11,4,,,,,,,,,,,,,,,,,,,,,,,,,,,,,,,,,,,,,,,,,,
25,48,10,11,4,,,,,,,,,,,,,,,,,,,,,,,,,,,,,,,,,,,,,,,,,,
25,48,10,11,4,,,,,,,,,,,,,,,,,,,,,,,,,,,,,,,,,,,,,,,,,,
25,48,10,11,4,,,,,,,,,,,,,,,,,,,,,,,,,,,,,,,,,,,,,,,,,,
25,48,10,11,4,,,,,,,,,,,,,,,,,,,,,,,,,,,,,,,,,,,,,,,,,,
25,48,10,11,4,,,,,,,,,,,,,,,,,,,,,,,,,,,,,,,,,,,,,,,,,,
25,48,10,11,4,,,,,,,,,,,,,,,,,,,,,,,,,,,,,,,,,,,,,,,,,,
25,48,10,11,4,,,,,,,,,,,,,,,,,,,,,,,,,,,,,,,,,,,,,,,,,,
25,48,10,11,4,,,,,,,,,,,,,,,,,,,,,,,,,,,,,,,,,,,,,,,,,,
25,48,10,11,4,,,,,,,,,,,,,,,,,,,,,,,,,,,,,,,,,,,,,,,,,,
25,48,10,11,4,,,,,,,,,,,,,,,,,,,,,,,,,,,,,,,,,,,,,,,,,,
25,48,10,11,4,,,,,,,,,,,,,,,,,,,,,,,,,,,,,,,,,,,,,,,,,,
25,48,10,11,4,,,,,,,,,,,,,,,,,,,,,,,,,,,,,,,,,,,,,,,,,,
25,48,10,11,4,8.333333333,,,,,,,,,,,,,,,,,,,,,,,,,,,,,,,,,,,,,,,,,
25,48,10,11,4,,,,,,,,,,,,,,,,,,,,,,,,,,,,,,,,,,,,,,,,,,
25,48,10,11,4,,,,,,,,,,,,,,,,,,,,,,,,,,,,,,,,,,,,,,,,,,
25,48,10,11,4,,,,,,,,,,,,,,,,,,,,,,,,,,,,,,,,,,,,,,,,,,
25,48,10,11,4,,,,,,,,,,,,,,,,,,,,,,,,,,,,,,,,,,,,,,,,,,
25,48,10,11,4,,,,,,,,,,,,,,,,,,,,,,,,,,,,,,,,,,,,,,,,,,
25,48,10,11,4,,,,,,,,,,,,,,,,,,,,,,,,,,,,,,,,,,,,,,,,,,
25,48,10,11,4,,,,,,,,,,,,,,,,,,,,,,,,,,,,,,,,,,,,,,,,,,
25,48,10,11,4,,,,,,,,,,,,,,,,,,,,,,,,,,,,,,,,,,,,,,,,,,
25,48,10,11,4,,,,,,,,,,,,,,,,,,,,,,,,,,,,,,,,,,,,,,,,,,
25,48,10,11,4,,,,,,,,,,,,,,,,,,,,,,,,,,,,,,,,,,,,,,,,,,
25,48,10,11,4,,,,,,,,,,,,,,,,,,,,,,,,,,,,,,,,,,,,,,,,,,
25,48,10,11,4,,,,,,,,,,,,,,,,,,,,,,,,,,,,,,,,,,,,,,,,,,
25,48,10,11,4,,,,,,,,,,,,,,,,,,,,,,,,,,,,,,,,,,,,,,,,,,
36,48,10,4,,7,,,,,,,,,,,,,,,,,,,,,,,,,,,,,,,,,,,,,,,,,
36,48,10,4,,20.66666667,,,,,,,,,,,,,,,,,,,,,,,,,,,,,,,,,,,,,,,,,
36,48,10,4,,,,,,,,,,,,,,,,,,,,,,,,,,,,,,,,,,,,,,,,,,,
36,48,10,4,,,,,,,,,,,,,,,,,,,,,,,,,,,,,,,,,,,,,,,,,,,
36,48,10,4,,,,,,,,,,,,,,,,,,,,,,,,,,,,,,,,,,,,,,,,,,,
36,48,10,4,,,,,,,,,,,,,,,,,,,,,,,,,,,,,,,,,,,,,,,,,,,
36,48,10,4,,,,,,,,,,,,,,,,,,,,,,,,,,,,,,,,,,,,,,,,,,,
36,48,10,4,,,,,,,,,,,,,,,,,,,,,,,,,,,,,,,,,,,,,,,,,,,
36,48,10,4,,,,,,,,,,,,,,,,,,,,,,,,,,,,,,,,,,,,,,,,,,,
36,48,10,4,,,,,,,,,,,,,,,,,,,,,,,,,,,,,,,,,,,,,,,,,,,
36,45,10,4,3,,,,,,,,,,,,,,,,,,,,,,,,,,,,,,,,,,,,,,,,,,
36,45,10,4,3,,,,,,,,,,,,,,,,,,,,,,,,,,,,,,,,,,,,,,,,,,
36,45,10,4,3,,,,,,,,,,,,,,,,,,,,,,,,,,,,,,,,,,,,,,,,,,
36,45,10,4,3,,,,,,,,,,,,,,,,,,,,,,,,,,,,,,,,,,,,,,,,,,
36,45,10,4,3,,,,,,,,,,,,,,,,,,,,,,,,,,,,,,,,,,,,,,,,,,
36,45,10,4,3,,,,,,,,,,,,,,,,,,,,,,,,,,,,,,,,,,,,,,,,,,
36,45,10,4,3,,,,,,,,,,,,,,,,,,,,,,,,,,,,,,,,,,,,,,,,,,
36,45,10,4,3,,,,,,,,,,,,,,,,,,,,,,,,,,,,,,,,,,,,,,,,,,
36,45,10,4,3,,,,,,,,,,,,,,,,,,,,,,,,,,,,,,,,,,,,,,,,,,
36,45,10,4,3,,,,,,,,,,,,,,,,,,,,,,,,,,,,,,,,,,,,,,,,,,
36,45,10,4,3,,,,,,,,,,,,,,,,,,,,,,,,,,,,,,,,,,,,,,,,,,
36,45,10,4,3,,,,,,,,,,,,,,,,,,,,,,,,,,,,,,,,,,,,,,,,,,
36,45,10,4,3,,,,,,,,,,,,,,,,,,,,,,,,,,,,,,,,,,,,,,,,,,
36,46,3,10,3,,,,,,,,,,,,,,,,,,,,,,,,,,,,,,,,,,,,,,,,,,
36,46,3,10,3,,,,,,,,,,,,,,,,,,,,,,,,,,,,,,,,,,,,,,,,,,
36,46,3,10,3,,,,,,,,,,,,,,,,,,,,,,,,,,,,,,,,,,,,,,,,,,
36,46,3,10,3,,,,,,,,,,,,,,,,,,,,,,,,,,,,,,,,,,,,,,,,,,
36,46,3,10,3,,,,,,,,,,,,,,,,,,,,,,,,,,,,,,,,,,,,,,,,,,
36,46,3,10,3,,,,,,,,,,,,,,,,,,,,,,,,,,,,,,,,,,,,,,,,,,
36,46,3,10,3,,,,,,,,,,,,,,,,,,,,,,,,,,,,,,,,,,,,,,,,,,
36,46,3,10,3,15.5,,,,,,,,,,,,,,,,,,,,,,,,,,,,,,,,,,,,,,,,,
Predator failed to catch the boid,,,,,,,,,,,,,,,,,,,,,,,,,,,,,,,,,,,,,,,,,,,,,,
36,46,3,10,3,,,,,,,,,,,,,,,,,,,,,,,,,,,,,,,,,,,,,,,,,,
36,46,3,10,3,,,,,,,,,,,,,,,,,,,,,,,,,,,,,,,,,,,,,,,,,,
36,46,3,10,3,,,,,,,,,,,,,,,,,,,,,,,,,,,,,,,,,,,,,,,,,,
36,46,3,10,3,,,,,,,,,,,,,,,,,,,,,,,,,,,,,,,,,,,,,,,,,,
36,46,3,10,3,,,,,,,,,,,,,,,,,,,,,,,,,,,,,,,,,,,,,,,,,,
36,46,3,10,3,,,,,,,,,,,,,,,,,,,,,,,,,,,,,,,,,,,,,,,,,,
36,46,3,10,3,,,,,,,,,,,,,,,,,,,,,,,,,,,,,,,,,,,,,,,,,,
36,46,3,10,3,,,,,,,,,,,,,,,,,,,,,,,,,,,,,,,,,,,,,,,,,,
36,46,3,10,3,,,,,,,,,,,,,,,,,,,,,,,,,,,,,,,,,,,,,,,,,,
36,46,3,10,3,,,,,,,,,,,,,,,,,,,,,,,,,,,,,,,,,,,,,,,,,,
36,46,3,10,3,,,,,,,,,,,,,,,,,,,,,,,,,,,,,,,,,,,,,,,,,,
36,46,3,10,3,,,,,,,,,,,,,,,,,,,,,,,,,,,,,,,,,,,,,,,,,,
36,46,3,10,3,,,,,,,,,,,,,,,,,,,,,,,,,,,,,,,,,,,,,,,,,,
36,46,3,10,3,,,,,,,,,,,,,,,,,,,,,,,,,,,,,,,,,,,,,,,,,,
36,49,10,3,,,,,,,,,,,,,,,,,,,,,,,,,,,,,,,,,,,,,,,,,,,
36,49,10,3,,,,,,,,,,,,,,,,,,,,,,,,,,,,,,,,,,,,,,,,,,,
36,49,10,3,,,,,,,,,,,,,,,,,,,,,,,,,,,,,,,,,,,,,,,,,,,
36,49,10,3,,,,,,,,,,,,,,,,,,,,,,,,,,,,,,,,,,,,,,,,,,,
36,42,7,10,3,,,,,,,,,,,,,,,,,,,,,,,,,,,,,,,,,,,,,,,,,,
36,42,7,10,3,,,,,,,,,,,,,,,,,,,,,,,,,,,,,,,,,,,,,,,,,,
36,42,7,10,3,,,,,,,,,,,,,,,,,,,,,,,,,,,,,,,,,,,,,,,,,,
36,42,7,10,3,,,,,,,,,,,,,,,,,,,,,,,,,,,,,,,,,,,,,,,,,,
36,42,7,10,3,,,,,,,,,,,,,,,,,,,,,,,,,,,,,,,,,,,,,,,,,,
36,42,7,10,3,,,,,,,,,,,,,,,,,,,,,,,,,,,,,,,,,,,,,,,,,,
36,42,7,10,3,,,,,,,,,,,,,,,,,,,,,,,,,,,,,,,,,,,,,,,,,,
36,42,7,10,3,,,,,,,,,,,,,,,,,,,,,,,,,,,,,,,,,,,,,,,,,,
36,42,7,10,3,,,,,,,,,,,,,,,,,,,,,,,,,,,,,,,,,,,,,,,,,,
36,42,7,10,3,,,,,,,,,,,,,,,,,,,,,,,,,,,,,,,,,,,,,,,,,,
36,42,7,10,3,,,,,,,,,,,,,,,,,,,,,,,,,,,,,,,,,,,,,,,,,,
36,42,7,10,3,,,,,,,,,,,,,,,,,,,,,,,,,,,,,,,,,,,,,,,,,,
36,42,7,10,3,,,,,,,,,,,,,,,,,,,,,,,,,,,,,,,,,,,,,,,,,,
36,42,7,10,3,,,,,,,,,,,,,,,,,,,,,,,,,,,,,,,,,,,,,,,,,,
36,42,7,10,3,,,,,,,,,,,,,,,,,,,,,,,,,,,,,,,,,,,,,,,,,,
36,42,7,10,3,,,,,,,,,,,,,,,,,,,,,,,,,,,,,,,,,,,,,,,,,,
36,42,7,10,3,,,,,,,,,,,,,,,,,,,,,,,,,,,,,,,,,,,,,,,,,,
36,42,7,10,3,,,,,,,,,,,,,,,,,,,,,,,,,,,,,,,,,,,,,,,,,,
36,42,7,10,3,,,,,,,,,,,,,,,,,,,,,,,,,,,,,,,,,,,,,,,,,,
36,42,7,10,3,,,,,,,,,,,,,,,,,,,,,,,,,,,,,,,,,,,,,,,,,,
36,42,7,10,3,,,,,,,,,,,,,,,,,,,,,,,,,,,,,,,,,,,,,,,,,,
36,42,7,10,3,,,,,,,,,,,,,,,,,,,,,,,,,,,,,,,,,,,,,,,,,,
36,42,7,10,3,,,,,,,,,,,,,,,,,,,,,,,,,,,,,,,,,,,,,,,,,,
36,42,7,10,3,,,,,,,,,,,,,,,,,,,,,,,,,,,,,,,,,,,,,,,,,,
36,42,7,10,3,,,,,,,,,,,,,,,,,,,,,,,,,,,,,,,,,,,,,,,,,,
36,42,7,10,3,,,,,,,,,,,,,,,,,,,,,,,,,,,,,,,,,,,,,,,,,,
36,42,7,10,3,,,,,,,,,,,,,,,,,,,,,,,,,,,,,,,,,,,,,,,,,,
36,42,7,10,3,,,,,,,,,,,,,,,,,,,,,,,,,,,,,,,,,,,,,,,,,,
36,42,7,10,3,,,,,,,,,,,,,,,,,,,,,,,,,,,,,,,,,,,,,,,,,,
36,42,7,10,3,,,,,,,,,,,,,,,,,,,,,,,,,,,,,,,,,,,,,,,,,,
36,42,7,10,3,,,,,,,,,,,,,,,,,,,,,,,,,,,,,,,,,,,,,,,,,,
36,42,7,10,3,,,,,,,,,,,,,,,,,,,,,,,,,,,,,,,,,,,,,,,,,,
36,42,7,10,3,,,,,,,,,,,,,,,,,,,,,,,,,,,,,,,,,,,,,,,,,,
36,42,7,10,3,,,,,,,,,,,,,,,,,,,,,,,,,,,,,,,,,,,,,,,,,,
36,42,7,10,3,,,,,,,,,,,,,,,,,,,,,,,,,,,,,,,,,,,,,,,,,,
36,42,7,10,3,,,,,,,,,,,,,,,,,,,,,,,,,,,,,,,,,,,,,,,,,,
36,42,7,10,3,,,,,,,,,,,,,,,,,,,,,,,,,,,,,,,,,,,,,,,,,,
36,42,7,10,3,,,,,,,,,,,,,,,,,,,,,,,,,,,,,,,,,,,,,,,,,,
36,42,7,10,3,,,,,,,,,,,,,,,,,,,,,,,,,,,,,,,,,,,,,,,,,,
36,42,7,10,3,,,,,,,,,,,,,,,,,,,,,,,,,,,,,,,,,,,,,,,,,,
36,42,7,10,3,,,,,,,,,,,,,,,,,,,,,,,,,,,,,,,,,,,,,,,,,,
36,42,7,10,3,,,,,,,,,,,,,,,,,,,,,,,,,,,,,,,,,,,,,,,,,,
36,42,7,10,3,,,,,,,,,,,,,,,,,,,,,,,,,,,,,,,,,,,,,,,,,,
36,42,7,10,3,,,,,,,,,,,,,,,,,,,,,,,,,,,,,,,,,,,,,,,,,,
36,42,7,10,3,,,,,,,,,,,,,,,,,,,,,,,,,,,,,,,,,,,,,,,,,,
36,42,7,10,3,,,,,,,,,,,,,,,,,,,,,,,,,,,,,,,,,,,,,,,,,,
36,42,7,10,3,,,,,,,,,,,,,,,,,,,,,,,,,,,,,,,,,,,,,,,,,,
36,42,7,10,3,,,,,,,,,,,,,,,,,,,,,,,,,,,,,,,,,,,,,,,,,,
36,42,7,10,3,,,,,,,,,,,,,,,,,,,,,,,,,,,,,,,,,,,,,,,,,,
36,42,7,10,3,,,,,,,,,,,,,,,,,,,,,,,,,,,,,,,,,,,,,,,,,,
36,42,7,10,3,,,,,,,,,,,,,,,,,,,,,,,,,,,,,,,,,,,,,,,,,,
36,42,7,10,3,,,,,,,,,,,,,,,,,,,,,,,,,,,,,,,,,,,,,,,,,,
36,42,7,10,3,,,,,,,,,,,,,,,,,,,,,,,,,,,,,,,,,,,,,,,,,,
36,42,7,10,3,,,,,,,,,,,,,,,,,,,,,,,,,,,,,,,,,,,,,,,,,,
36,42,7,10,3,,,,,,,,,,,,,,,,,,,,,,,,,,,,,,,,,,,,,,,,,,
36,42,7,10,3,,,,,,,,,,,,,,,,,,,,,,,,,,,,,,,,,,,,,,,,,,
36,42,7,10,3,,,,,,,,,,,,,,,,,,,,,,,,,,,,,,,,,,,,,,,,,,
36,42,7,10,3,,,,,,,,,,,,,,,,,,,,,,,,,,,,,,,,,,,,,,,,,,
36,42,7,10,3,,,,,,,,,,,,,,,,,,,,,,,,,,,,,,,,,,,,,,,,,,
36,42,7,10,3,,,,,,,,,,,,,,,,,,,,,,,,,,,,,,,,,,,,,,,,,,
36,42,7,10,3,,,,,,,,,,,,,,,,,,,,,,,,,,,,,,,,,,,,,,,,,,
36,42,7,10,3,,,,,,,,,,,,,,,,,,,,,,,,,,,,,,,,,,,,,,,,,,
36,42,7,10,3,,,,,,,,,,,,,,,,,,,,,,,,,,,,,,,,,,,,,,,,,,
36,42,7,10,3,,,,,,,,,,,,,,,,,,,,,,,,,,,,,,,,,,,,,,,,,,
36,42,7,10,3,,,,,,,,,,,,,,,,,,,,,,,,,,,,,,,,,,,,,,,,,,
36,42,7,10,3,,,,,,,,,,,,,,,,,,,,,,,,,,,,,,,,,,,,,,,,,,
36,42,7,10,3,,,,,,,,,,,,,,,,,,,,,,,,,,,,,,,,,,,,,,,,,,
36,42,7,10,3,,,,,,,,,,,,,,,,,,,,,,,,,,,,,,,,,,,,,,,,,,
36,42,7,10,3,,,,,,,,,,,,,,,,,,,,,,,,,,,,,,,,,,,,,,,,,,
36,42,7,10,3,,,,,,,,,,,,,,,,,,,,,,,,,,,,,,,,,,,,,,,,,,
36,42,7,10,3,,,,,,,,,,,,,,,,,,,,,,,,,,,,,,,,,,,,,,,,,,
36,42,7,10,3,,,,,,,,,,,,,,,,,,,,,,,,,,,,,,,,,,,,,,,,,,
36,42,7,10,3,,,,,,,,,,,,,,,,,,,,,,,,,,,,,,,,,,,,,,,,,,
36,42,7,10,3,,,,,,,,,,,,,,,,,,,,,,,,,,,,,,,,,,,,,,,,,,
36,42,7,10,3,,,,,,,,,,,,,,,,,,,,,,,,,,,,,,,,,,,,,,,,,,
36,42,7,10,3,,,,,,,,,,,,,,,,,,,,,,,,,,,,,,,,,,,,,,,,,,
36,42,7,10,3,,,,,,,,,,,,,,,,,,,,,,,,,,,,,,,,,,,,,,,,,,
36,42,7,10,3,,,,,,,,,,,,,,,,,,,,,,,,,,,,,,,,,,,,,,,,,,
36,42,7,10,3,,,,,,,,,,,,,,,,,,,,,,,,,,,,,,,,,,,,,,,,,,
36,42,7,10,3,15.5,,,,,,,,,,,,,,,,,,,,,,,,,,,,,,,,,,,,,,,,,
36,42,7,10,3,,,,,,,,,,,,,,,,,,,,,,,,,,,,,,,,,,,,,,,,,,
36,42,7,10,3,,,,,,,,,,,,,,,,,,,,,,,,,,,,,,,,,,,,,,,,,,
36,42,7,10,3,,,,,,,,,,,,,,,,,,,,,,,,,,,,,,,,,,,,,,,,,,
36,42,7,10,3,,,,,,,,,,,,,,,,,,,,,,,,,,,,,,,,,,,,,,,,,,
36,42,7,10,3,,,,,,,,,,,,,,,,,,,,,,,,,,,,,,,,,,,,,,,,,,
36,42,7,10,3,,,,,,,,,,,,,,,,,,,,,,,,,,,,,,,,,,,,,,,,,,
36,42,7,10,3,,,,,,,,,,,,,,,,,,,,,,,,,,,,,,,,,,,,,,,,,,
36,42,7,10,3,,,,,,,,,,,,,,,,,,,,,,,,,,,,,,,,,,,,,,,,,,
36,42,7,10,3,,,,,,,,,,,,,,,,,,,,,,,,,,,,,,,,,,,,,,,,,,
36,42,7,10,3,,,,,,,,,,,,,,,,,,,,,,,,,,,,,,,,,,,,,,,,,,
36,42,7,10,3,,,,,,,,,,,,,,,,,,,,,,,,,,,,,,,,,,,,,,,,,,
36,42,7,10,3,,,,,,,,,,,,,,,,,,,,,,,,,,,,,,,,,,,,,,,,,,
36,42,7,10,3,,,,,,,,,,,,,,,,,,,,,,,,,,,,,,,,,,,,,,,,,,
36,42,7,10,3,,,,,,,,,,,,,,,,,,,,,,,,,,,,,,,,,,,,,,,,,,
36,42,7,10,3,,,,,,,,,,,,,,,,,,,,,,,,,,,,,,,,,,,,,,,,,,
36,49,10,3,,,,,,,,,,,,,,,,,,,,,,,,,,,,,,,,,,,,,,,,,,,
36,49,10,3,,,,,,,,,,,,,,,,,,,,,,,,,,,,,,,,,,,,,,,,,,,
36,49,10,3,,,,,,,,,,,,,,,,,,,,,,,,,,,,,,,,,,,,,,,,,,,
36,49,10,3,,,,,,,,,,,,,,,,,,,,,,,,,,,,,,,,,,,,,,,,,,,
36,49,10,3,,,,,,,,,,,,,,,,,,,,,,,,,,,,,,,,,,,,,,,,,,,
36,49,10,3,,,,,,,,,,,,,,,,,,,,,,,,,,,,,,,,,,,,,,,,,,,
36,49,10,3,,,,,,,,,,,,,,,,,,,,,,,,,,,,,,,,,,,,,,,,,,,
36,49,10,3,,,,,,,,,,,,,,,,,,,,,,,,,,,,,,,,,,,,,,,,,,,
36,49,10,3,,,,,,,,,,,,,,,,,,,,,,,,,,,,,,,,,,,,,,,,,,,
36,49,10,3,,,,,,,,,,,,,,,,,,,,,,,,,,,,,,,,,,,,,,,,,,,
36,49,10,3,,,,,,,,,,,,,,,,,,,,,,,,,,,,,,,,,,,,,,,,,,,
36,49,10,3,,,,,,,,,,,,,,,,,,,,,,,,,,,,,,,,,,,,,,,,,,,
36,49,10,3,,,,,,,,,,,,,,,,,,,,,,,,,,,,,,,,,,,,,,,,,,,
36,49,10,3,,,,,,,,,,,,,,,,,,,,,,,,,,,,,,,,,,,,,,,,,,,
36,49,10,3,,,,,,,,,,,,,,,,,,,,,,,,,,,,,,,,,,,,,,,,,,,
36,49,10,3,,,,,,,,,,,,,,,,,,,,,,,,,,,,,,,,,,,,,,,,,,,
36,49,10,3,,,,,,,,,,,,,,,,,,,,,,,,,,,,,,,,,,,,,,,,,,,
36,49,10,3,,,,,,,,,,,,,,,,,,,,,,,,,,,,,,,,,,,,,,,,,,,
36,49,10,3,,,,,,,,,,,,,,,,,,,,,,,,,,,,,,,,,,,,,,,,,,,
36,49,10,3,,,,,,,,,,,,,,,,,,,,,,,,,,,,,,,,,,,,,,,,,,,
36,49,10,3,,,,,,,,,,,,,,,,,,,,,,,,,,,,,,,,,,,,,,,,,,,
36,49,10,3,,,,,,,,,,,,,,,,,,,,,,,,,,,,,,,,,,,,,,,,,,,
36,49,10,3,,,,,,,,,,,,,,,,,,,,,,,,,,,,,,,,,,,,,,,,,,,
36,49,10,3,,,,,,,,,,,,,,,,,,,,,,,,,,,,,,,,,,,,,,,,,,,
36,49,10,3,,,,,,,,,,,,,,,,,,,,,,,,,,,,,,,,,,,,,,,,,,,
36,49,10,3,,,,,,,,,,,,,,,,,,,,,,,,,,,,,,,,,,,,,,,,,,,
36,49,10,3,,,,,,,,,,,,,,,,,,,,,,,,,,,,,,,,,,,,,,,,,,,
36,49,10,3,,,,,,,,,,,,,,,,,,,,,,,,,,,,,,,,,,,,,,,,,,,
36,49,10,3,,,,,,,,,,,,,,,,,,,,,,,,,,,,,,,,,,,,,,,,,,,
36,43,6,10,3,,,,,,,,,,,,,,,,,,,,,,,,,,,,,,,,,,,,,,,,,,
36,43,6,10,3,,,,,,,,,,,,,,,,,,,,,,,,,,,,,,,,,,,,,,,,,,
36,43,6,10,3,,,,,,,,,,,,,,,,,,,,,,,,,,,,,,,,,,,,,,,,,,
36,43,6,10,3,,,,,,,,,,,,,,,,,,,,,,,,,,,,,,,,,,,,,,,,,,
36,42,6,10,3,1,,,,,,,,,,,,,,,,,,,,,,,,,,,,,,,,,,,,,,,,,
36,42,6,10,3,1,,,,,,,,,,,,,,,,,,,,,,,,,,,,,,,,,,,,,,,,,
36,42,6,10,3,1,,,,,,,,,,,,,,,,,,,,,,,,,,,,,,,,,,,,,,,,,
36,42,6,10,3,1,,,,,,,,,,,,,,,,,,,,,,,,,,,,,,,,,,,,,,,,,
36,42,6,10,3,1,,,,,,,,,,,,,,,,,,,,,,,,,,,,,,,,,,,,,,,,,
36,42,6,10,3,1,,,,,,,,,,,,,,,,,,,,,,,,,,,,,,,,,,,,,,,,,
36,42,6,10,3,1,,,,,,,,,,,,,,,,,,,,,,,,,,,,,,,,,,,,,,,,,
36,42,6,10,3,1,,,,,,,,,,,,,,,,,,,,,,,,,,,,,,,,,,,,,,,,,
36,42,6,10,3,1,,,,,,,,,,,,,,,,,,,,,,,,,,,,,,,,,,,,,,,,,
36,42,6,10,3,1,,,,,,,,,,,,,,,,,,,,,,,,,,,,,,,,,,,,,,,,,
36,42,6,10,3,1,,,,,,,,,,,,,,,,,,,,,,,,,,,,,,,,,,,,,,,,,
36,42,6,10,3,1,,,,,,,,,,,,,,,,,,,,,,,,,,,,,,,,,,,,,,,,,
36,42,6,10,3,1,,,,,,,,,,,,,,,,,,,,,,,,,,,,,,,,,,,,,,,,,
36,42,6,10,3,1,,,,,,,,,,,,,,,,,,,,,,,,,,,,,,,,,,,,,,,,,
36,42,6,10,3,1,,,,,,,,,,,,,,,,,,,,,,,,,,,,,,,,,,,,,,,,,
36,42,6,10,3,1,,,,,,,,,,,,,,,,,,,,,,,,,,,,,,,,,,,,,,,,,
36,42,6,10,3,1,,,,,,,,,,,,,,,,,,,,,,,,,,,,,,,,,,,,,,,,,
36,42,6,10,3,1,,,,,,,,,,,,,,,,,,,,,,,,,,,,,,,,,,,,,,,,,
36,42,6,10,3,1,,,,,,,,,,,,,,,,,,,,,,,,,,,,,,,,,,,,,,,,,
36,42,6,10,3,1,,,,,,,,,,,,,,,,,,,,,,,,,,,,,,,,,,,,,,,,,
36,42,6,10,3,1,,,,,,,,,,,,,,,,,,,,,,,,,,,,,,,,,,,,,,,,,
36,42,6,10,3,1,,,,,,,,,,,,,,,,,,,,,,,,,,,,,,,,,,,,,,,,,
36,42,6,10,3,1,,,,,,,,,,,,,,,,,,,,,,,,,,,,,,,,,,,,,,,,,
36,42,6,10,3,1,,,,,,,,,,,,,,,,,,,,,,,,,,,,,,,,,,,,,,,,,
36,42,6,10,3,1,12.4,,,,,,,,,,,,,,,,,,,,,,,,,,,,,,,,,,,,,,,,
78,6,10,3,1,,,,,,,,,,,,,,,,,,,,,,,,,,,,,,,,,,,,,,,,,,
78,6,10,3,1,,,,,,,,,,,,,,,,,,,,,,,,,,,,,,,,,,,,,,,,,,
78,6,10,3,1,,,,,,,,,,,,,,,,,,,,,,,,,,,,,,,,,,,,,,,,,,
78,6,10,3,1,,,,,,,,,,,,,,,,,,,,,,,,,,,,,,,,,,,,,,,,,,
78,6,10,3,1,,,,,,,,,,,,,,,,,,,,,,,,,,,,,,,,,,,,,,,,,,
78,6,10,3,1,5,,,,,,,,,,,,,,,,,,,,,,,,,,,,,,,,,,,,,,,,,
78,7,10,3,,,,,,,,,,,,,,,,,,,,,,,,,,,,,,,,,,,,,,,,,,,
78,7,10,3,,,,,,,,,,,,,,,,,,,,,,,,,,,,,,,,,,,,,,,,,,,
78,7,10,3,,,,,,,,,,,,,,,,,,,,,,,,,,,,,,,,,,,,,,,,,,,
78,7,10,3,,,,,,,,,,,,,,,,,,,,,,,,,,,,,,,,,,,,,,,,,,,
78,7,10,3,,,,,,,,,,,,,,,,,,,,,,,,,,,,,,,,,,,,,,,,,,,
78,7,10,3,,,,,,,,,,,,,,,,,,,,,,,,,,,,,,,,,,,,,,,,,,,
78,7,10,3,,,,,,,,,,,,,,,,,,,,,,,,,,,,,,,,,,,,,,,,,,,
78,7,10,3,,,,,,,,,,,,,,,,,,,,,,,,,,,,,,,,,,,,,,,,,,,
78,7,10,3,,,,,,,,,,,,,,,,,,,,,,,,,,,,,,,,,,,,,,,,,,,
78,7,10,3,,,,,,,,,,,,,,,,,,,,,,,,,,,,,,,,,,,,,,,,,,,
78,7,10,3,,,,,,,,,,,,,,,,,,,,,,,,,,,,,,,,,,,,,,,,,,,
78,7,10,3,,,,,,,,,,,,,,,,,,,,,,,,,,,,,,,,,,,,,,,,,,,
78,7,10,3,,,,,,,,,,,,,,,,,,,,,,,,,,,,,,,,,,,,,,,,,,,
78,7,10,3,,,,,,,,,,,,,,,,,,,,,,,,,,,,,,,,,,,,,,,,,,,
78,7,10,3,,,,,,,,,,,,,,,,,,,,,,,,,,,,,,,,,,,,,,,,,,,
78,7,10,3,6.666666667,,,,,,,,,,,,,,,,,,,,,,,,,,,,,,,,,,,,,,,,,,
78,7,10,3,,,,,,,,,,,,,,,,,,,,,,,,,,,,,,,,,,,,,,,,,,,
78,7,10,3,,,,,,,,,,,,,,,,,,,,,,,,,,,,,,,,,,,,,,,,,,,
78,7,10,3,,,,,,,,,,,,,,,,,,,,,,,,,,,,,,,,,,,,,,,,,,,
78,7,10,3,,,,,,,,,,,,,,,,,,,,,,,,,,,,,,,,,,,,,,,,,,,
78,7,10,3,,,,,,,,,,,,,,,,,,,,,,,,,,,,,,,,,,,,,,,,,,,
78,7,10,3,,,,,,,,,,,,,,,,,,,,,,,,,,,,,,,,,,,,,,,,,,,
78,7,10,3,,,,,,,,,,,,,,,,,,,,,,,,,,,,,,,,,,,,,,,,,,,
78,7,10,3,,,,,,,,,,,,,,,,,,,,,,,,,,,,,,,,,,,,,,,,,,,
78,7,10,3,,,,,,,,,,,,,,,,,,,,,,,,,,,,,,,,,,,,,,,,,,,
78,7,10,3,,,,,,,,,,,,,,,,,,,,,,,,,,,,,,,,,,,,,,,,,,,
78,7,10,3,,,,,,,,,,,,,,,,,,,,,,,,,,,,,,,,,,,,,,,,,,,
78,7,10,3,,,,,,,,,,,,,,,,,,,,,,,,,,,,,,,,,,,,,,,,,,,
78,7,10,3,,,,,,,,,,,,,,,,,,,,,,,,,,,,,,,,,,,,,,,,,,,
